filename,width,height,class,xmin,ymin,xmax,ymax
plastic159.jpg,512,384,plastic,4,26,510,382
glass89.jpg,512,384,glass,92,46,419,356
cardboard220.jpg,512,384,cardboard,38,69,301,366
glass175.jpg,512,384,glass,161,139,310,290
metal16.jpg,512,384,metal,7,52,508,382
metal208.jpg,512,384,metal,181,107,316,280
trash78.jpg,512,384,trash,80,102,424,293
metal171.jpg,512,384,metal,34,3,318,381
glass40.jpg,512,384,glass,8,1,512,381
plastic374.jpg,512,384,plastic,73,107,444,233
paper361.jpg,512,384,paper,29,5,446,332
glass189.jpg,512,384,glass,234,5,510,269
metal355.jpg,512,384,metal,232,71,511,385
paper453.jpg,512,384,paper,5,15,467,315
glass273.jpg,512,384,glass,136,34,388,379
paper313.jpg,512,384,paper,5,5,484,381
plastic375.jpg,512,384,plastic,76,138,431,357
glass287.jpg,512,384,glass,4,124,375,386
paper417.jpg,512,384,paper,102,65,334,328
metal354.jpg,512,384,metal,21,18,351,341
cardboard378.jpg,512,384,cardboard,5,5,511,382
glass205.jpg,512,384,glass,83,26,265,345
paper413.jpg,512,384,paper,5,5,510,385
metal401.jpg,512,384,metal,211,14,511,382
trash88.jpg,512,384,trash,83,13,400,319
metal15.jpg,512,384,metal,77,135,414,333
glass19.jpg,512,384,glass,34,104,429,382
trash27.jpg,512,384,trash,122,163,437,260
paper271.jpg,512,384,paper,63,5,439,364
glass499.jpg,512,384,glass,138,4,312,257
cardboard41.jpg,512,384,cardboard,54,28,507,255
paper474.jpg,512,384,paper,29,66,426,384
plastic425.jpg,512,384,plastic,107,50,451,334
metal159.jpg,512,384,metal,176,134,337,252
metal336.jpg,512,384,metal,99,51,437,380
glass303.jpg,512,384,glass,42,116,512,288
plastic195.jpg,512,384,plastic,175,99,511,381
trash68.jpg,512,384,trash,210,98,368,309
glass113.jpg,512,384,glass,47,137,448,252
paper193.jpg,512,384,paper,62,3,511,383
metal302.jpg,512,384,metal,88,30,388,341
plastic451.jpg,512,384,plastic,126,100,411,304
glass321.jpg,512,384,glass,133,2,330,382
plastic77.jpg,512,384,plastic,147,24,449,320
paper147.jpg,512,384,paper,7,3,474,384
paper423.jpg,512,384,paper,2,6,379,347
paper307.jpg,512,384,paper,6,5,452,382
plastic204.jpg,512,384,plastic,6,5,509,369
plastic437.jpg,512,384,plastic,10,86,508,385
paper384.jpg,512,384,paper,9,63,457,310
cardboard328.jpg,512,384,cardboard,4,4,512,383
glass158.jpg,512,384,glass,167,99,453,384
glass412.jpg,512,384,glass,31,38,462,338
paper410.jpg,512,384,paper,5,1,389,383
metal330.jpg,512,384,metal,167,3,512,383
glass182.jpg,512,384,glass,161,105,283,227
plastic131.jpg,512,384,plastic,113,104,308,301
cardboard114.jpg,512,384,cardboard,4,4,485,383
glass402.jpg,512,384,glass,139,35,507,381
paper172.jpg,512,384,paper,5,4,441,269
plastic216.jpg,512,384,plastic,34,4,511,383
metal205.jpg,512,384,metal,113,95,299,334
glass327.jpg,512,384,glass,7,92,493,301
trash137.jpg,512,384,trash,173,104,393,301
glass454.jpg,512,384,glass,114,60,359,285
plastic29.jpg,512,384,plastic,183,20,512,381
paper53.jpg,512,384,paper,4,6,511,300
cardboard255.jpg,512,384,cardboard,4,3,510,384
paper425.jpg,512,384,paper,5,76,447,365
cardboard145.jpg,512,384,cardboard,127,38,368,361
paper116.jpg,512,384,paper,77,26,418,310
glass62.jpg,512,384,glass,5,3,511,383
glass497.jpg,512,384,glass,4,4,342,312
paper517.jpg,512,384,paper,80,77,353,302
paper532.jpg,512,384,paper,44,55,464,328
cardboard189.jpg,512,384,cardboard,5,4,441,385
cardboard402.jpg,512,384,cardboard,3,3,513,383
plastic430.jpg,512,384,plastic,158,41,511,382
cardboard88.jpg,512,384,cardboard,4,3,511,384
metal30.jpg,512,384,metal,173,5,351,364
trash105.jpg,512,384,trash,110,77,397,261
trash71.jpg,512,384,trash,154,50,416,340
paper19.jpg,512,384,paper,94,91,392,338
plastic97.jpg,512,384,plastic,67,57,348,319
trash50.jpg,512,384,trash,175,124,434,359
paper501.jpg,512,384,paper,89,34,400,383
paper331.jpg,512,384,paper,46,40,400,346
plastic253.jpg,512,384,plastic,46,2,405,307
metal149.jpg,512,384,metal,159,117,294,276
plastic241.jpg,512,384,plastic,9,97,477,305
paper124.jpg,512,384,paper,119,4,510,382
trash_plastic459.jpg,512,384,trash,103,52,347,367
paper589.jpg,512,384,paper,133,141,379,291
glass500.jpg,512,384,glass,4,148,382,263
glass29.jpg,512,384,glass,205,2,448,382
metal36.jpg,512,384,metal,2,3,399,354
glass470.jpg,512,384,glass,7,130,508,383
metal148.jpg,512,384,metal,176,146,276,243
glass357.jpg,512,384,glass,4,3,431,371
cardboard364.jpg,512,384,cardboard,3,26,512,385
paper503.jpg,512,384,paper,115,93,382,311
paper386.jpg,512,384,paper,122,6,511,381
plastic453.jpg,512,384,plastic,95,111,333,317
cardboard176.jpg,512,384,cardboard,4,3,469,379
cardboard274.jpg,512,384,cardboard,3,4,512,382
paper469.jpg,512,384,paper,100,24,423,345
metal124.jpg,512,384,metal,136,110,354,273
glass223.jpg,512,384,glass,164,153,299,248
plastic447.jpg,512,384,plastic,105,92,436,235
glass164.jpg,512,384,glass,188,37,513,383
metal212.jpg,512,384,metal,98,72,256,267
cardboard323.jpg,512,384,cardboard,5,4,510,382
metal13.jpg,512,384,metal,256,46,511,380
glass463.jpg,512,384,glass,216,79,512,382
cardboard171.jpg,512,384,cardboard,154,140,380,265
glass421.jpg,512,384,glass,169,38,430,236
glass363.jpg,512,384,glass,35,161,514,310
metal274.jpg,512,384,metal,134,83,511,382
trash130.jpg,512,384,trash,223,30,308,337
plastic107.jpg,512,384,plastic,125,52,398,322
plastic50.jpg,512,384,plastic,59,6,446,361
metal403.jpg,512,384,metal,104,151,400,384
paper489.jpg,512,384,paper,52,3,511,371
glass170.jpg,512,384,glass,139,101,327,285
paper109.jpg,512,384,paper,4,4,445,379
glass58.jpg,512,384,glass,188,1,390,383
paper506.jpg,512,384,paper,24,15,426,364
paper12.jpg,512,384,paper,16,33,490,356
cardboard331.jpg,512,384,cardboard,4,5,368,385
metal68.jpg,512,384,metal,98,106,439,382
glass155.jpg,512,384,glass,99,125,429,327
glass218.jpg,512,384,glass,82,89,408,264
plastic426.jpg,512,384,plastic,156,90,395,332
trash74.jpg,512,384,trash,118,51,509,331
paper566.jpg,512,384,paper,6,3,494,314
paper272.jpg,512,384,paper,18,70,372,309
metal324.jpg,512,384,metal,5,131,470,385
paper290.jpg,512,384,paper,4,4,494,383
glass198.jpg,512,384,glass,121,23,388,366
trash79.jpg,512,384,trash,146,61,353,305
plastic252.jpg,512,384,plastic,82,119,465,382
trash_plastic462.jpg,512,384,trash,88,157,398,337
metal20.jpg,512,384,metal,4,2,440,382
plastic349.jpg,512,384,plastic,199,8,512,372
metal359.jpg,512,384,metal,130,5,422,382
glass77.jpg,512,384,glass,88,3,509,324
glass22.jpg,512,384,glass,200,131,402,384
paper346.jpg,512,384,paper,99,47,436,373
metal119.jpg,512,384,metal,146,52,380,297
cardboard363.jpg,512,384,cardboard,4,4,512,383
cardboard278.jpg,512,384,cardboard,4,3,510,384
metal199.jpg,512,384,metal,39,94,372,263
plastic123.jpg,512,384,plastic,7,17,420,382
paper184.jpg,512,384,paper,5,21,511,380
trash25.jpg,512,384,trash,181,7,357,377
trash51.jpg,512,384,trash,238,61,357,358
glass305.jpg,512,384,glass,66,122,436,241
paper483.jpg,512,384,paper,104,3,333,343
metal57.jpg,512,384,metal,112,97,347,311
paper158.jpg,512,384,paper,156,48,330,323
trash3.jpg,512,384,trash,5,5,510,382
cardboard293.jpg,512,384,cardboard,4,3,512,386
paper454.jpg,512,384,paper,6,17,498,382
glass461.jpg,512,384,glass,3,3,361,319
plastic413.jpg,512,384,plastic,168,2,416,279
metal128.jpg,512,384,metal,145,4,342,382
plastic416.jpg,512,384,plastic,8,107,454,381
plastic391.jpg,512,384,plastic,174,26,513,381
metal298.jpg,512,384,metal,201,60,441,348
cardboard207.jpg,512,384,cardboard,37,3,477,381
plastic187.jpg,512,384,plastic,12,87,308,276
metal77.jpg,512,384,metal,5,3,459,381
glass269.jpg,512,384,glass,4,67,483,252
glass177.jpg,512,384,glass,2,93,463,329
paper358.jpg,512,384,paper,4,4,510,380
trash31.jpg,512,384,trash,95,64,444,308
paper441.jpg,512,384,paper,43,71,443,382
plastic442.jpg,512,384,plastic,5,4,503,237
glass85.jpg,512,384,glass,4,2,510,382
cardboard104.jpg,512,384,cardboard,3,2,512,382
cardboard192.jpg,512,384,cardboard,3,5,511,381
metal270.jpg,512,384,metal,57,5,511,375
plastic242.jpg,512,384,plastic,54,110,461,381
plastic14.jpg,512,384,plastic,52,4,441,304
metal168.jpg,512,384,metal,3,3,393,383
paper388.jpg,512,384,paper,64,4,457,383
glass203.jpg,512,384,glass,118,114,380,276
trash_plastic465.jpg,512,384,trash,151,1,405,289
glass212.jpg,512,384,glass,147,154,312,281
plastic33.jpg,512,384,plastic,89,72,374,353
metal38.jpg,512,384,metal,40,60,343,298
cardboard333.jpg,512,384,cardboard,5,63,454,383
paper357.jpg,512,384,paper,34,13,426,336
glass375.jpg,512,384,glass,127,96,513,335
plastic408.jpg,512,384,plastic,7,4,511,383
metal246.jpg,512,384,metal,114,22,444,343
glass297.jpg,512,384,glass,89,70,333,310
paper79.jpg,512,384,paper,8,47,424,330
glass20.jpg,512,384,glass,131,0,430,387
glass393.jpg,512,384,glass,213,66,429,384
paper180.jpg,512,384,paper,3,4,348,373
metal18.jpg,512,384,metal,118,143,355,264
metal363.jpg,512,384,metal,118,6,511,327
plastic133.jpg,512,384,plastic,4,4,511,338
metal112.jpg,512,384,metal,108,55,512,383
glass247.jpg,512,384,glass,5,131,365,355
plastic347.jpg,512,384,plastic,116,5,511,381
cardboard71.jpg,512,384,cardboard,5,4,511,382
glass427.jpg,512,384,glass,66,60,347,303
metal376.jpg,512,384,metal,215,64,511,383
metal99.jpg,512,384,metal,129,53,464,385
plastic48.jpg,512,384,plastic,226,5,516,376
cardboard306.jpg,512,384,cardboard,3,3,512,384
metal2.jpg,512,384,metal,140,72,327,296
metal322.jpg,512,384,metal,30,3,511,383
glass418.jpg,512,384,glass,162,81,299,381
plastic152.jpg,512,384,plastic,6,6,509,293
glass420.jpg,512,384,glass,3,58,429,383
paper84.jpg,512,384,paper,7,76,444,383
cardboard292.jpg,512,384,cardboard,4,3,510,384
glass465.jpg,512,384,glass,99,139,516,350
cardboard345.jpg,512,384,cardboard,5,4,511,382
cardboard257.jpg,512,384,cardboard,4,4,470,385
trash98.jpg,512,384,trash,75,50,433,361
paper183.jpg,512,384,paper,2,27,498,331
metal209.jpg,512,384,metal,209,110,410,289
paper210.jpg,512,384,paper,4,4,423,288
paper332.jpg,512,384,paper,6,42,450,386
paper191.jpg,512,384,paper,21,4,456,383
paper111.jpg,512,384,paper,44,57,474,356
glass428.jpg,512,384,glass,82,73,362,344
glass368.jpg,512,384,glass,240,65,406,385
paper396.jpg,512,384,paper,6,2,459,384
plastic208.jpg,512,384,plastic,99,117,508,348
cardboard355.jpg,512,384,cardboard,5,5,512,384
metal328.jpg,512,384,metal,69,43,337,300
metal360.jpg,512,384,metal,126,35,367,275
cardboard206.jpg,512,384,cardboard,4,4,447,383
glass334.jpg,512,384,glass,4,1,512,383
paper333.jpg,512,384,paper,79,28,456,295
paper31.jpg,512,384,paper,2,4,431,347
paper568.jpg,512,384,paper,3,2,510,382
cardboard399.jpg,512,384,cardboard,128,5,510,381
plastic56.jpg,512,384,plastic,114,22,430,334
metal235.jpg,512,384,metal,31,107,384,385
cardboard126.jpg,512,384,cardboard,4,4,510,383
paper258.jpg,512,384,paper,40,5,474,379
trash58.jpg,512,384,trash,69,5,512,382
plastic256.jpg,512,384,plastic,192,104,363,280
cardboard133.jpg,512,384,cardboard,94,79,356,329
metal34.jpg,512,384,metal,98,100,389,383
plastic186.jpg,512,384,plastic,3,3,506,384
trash81.jpg,512,384,trash,109,49,399,382
paper98.jpg,512,384,paper,125,115,371,298
plastic482.jpg,512,384,plastic,212,152,299,277
plastic301.jpg,512,384,plastic,145,117,489,384
plastic212.jpg,512,384,plastic,81,8,489,376
plastic16.jpg,512,384,plastic,2,3,389,343
glass484.jpg,512,384,glass,154,160,440,383
glass389.jpg,512,384,glass,130,37,457,383
cardboard397.jpg,512,384,cardboard,3,3,509,381
glass332.jpg,512,384,glass,39,20,451,310
plastic475.jpg,512,384,plastic,106,96,248,383
cardboard270.jpg,512,384,cardboard,5,4,515,382
paper142.jpg,512,384,paper,17,27,463,383
paper268.jpg,512,384,paper,17,0,406,338
glass473.jpg,512,384,glass,188,131,423,383
cardboard26.jpg,512,384,cardboard,3,3,510,384
cardboard373.jpg,512,384,cardboard,3,3,511,383
plastic250.jpg,512,384,plastic,6,3,420,310
paper337.jpg,512,384,paper,46,52,431,365
paper218.jpg,512,384,paper,59,6,327,383
paper428.jpg,512,384,paper,198,91,342,265
plastic197.jpg,512,384,plastic,20,56,476,291
glass316.jpg,512,384,glass,41,0,511,384
metal23.jpg,512,384,metal,123,92,487,387
plastic330.jpg,512,384,plastic,46,4,439,380
metal331.jpg,512,384,metal,235,154,511,386
cardboard252.jpg,512,384,cardboard,4,5,511,385
paper578.jpg,512,384,paper,7,6,486,381
trash92.jpg,512,384,trash,4,116,406,379
plastic207.jpg,512,384,plastic,5,11,460,346
glass382.jpg,512,384,glass,216,117,430,384
metal361.jpg,512,384,metal,25,3,469,381
paper149.jpg,512,384,paper,5,4,477,377
metal307.jpg,512,384,metal,87,5,466,305
plastic405.jpg,512,384,plastic,4,3,510,384
cardboard340.jpg,512,384,cardboard,8,3,510,380
paper314.jpg,512,384,paper,5,3,510,383
paper233.jpg,512,384,paper,4,101,466,373
glass478.jpg,512,384,glass,78,88,512,383
metal275.jpg,512,384,metal,175,183,434,382
trash86.jpg,512,384,trash,93,35,363,382
metal115.jpg,512,384,metal,4,3,510,247
cardboard13.jpg,512,384,cardboard,4,4,510,383
glass262.jpg,512,384,glass,230,191,372,384
glass69.jpg,512,384,glass,30,125,336,251
paper488.jpg,512,384,paper,3,4,511,383
metal250.jpg,512,384,metal,259,59,474,360
paper349.jpg,512,384,paper,4,3,375,383
glass236.jpg,512,384,glass,101,98,340,266
plastic63.jpg,512,384,plastic,121,88,402,371
trash133.jpg,512,384,trash,211,162,326,251
plastic3.jpg,512,384,plastic,100,74,390,288
glass214.jpg,512,384,glass,199,75,310,317
trash42.jpg,512,384,trash,93,4,497,383
glass215.jpg,512,384,glass,143,77,366,294
glass466.jpg,512,384,glass,145,158,362,386
plastic385.jpg,512,384,plastic,151,64,377,291
metal45.jpg,512,384,metal,1,77,293,337
paper131.jpg,512,384,paper,6,4,447,382
cardboard208.jpg,512,384,cardboard,11,43,511,310
metal323.jpg,512,384,metal,49,159,435,386
glass1.jpg,512,384,glass,210,157,441,320
paper582.jpg,512,384,paper,3,38,491,330
paper508.jpg,512,384,paper,6,2,513,381
paper143.jpg,512,384,paper,42,86,459,322
metal229.jpg,512,384,metal,85,3,512,384
paper496.jpg,512,384,paper,6,3,512,384
paper244.jpg,512,384,paper,35,47,399,352
glass328.jpg,512,384,glass,190,2,391,381
cardboard322.jpg,512,384,cardboard,6,5,510,385
trash46.jpg,512,384,trash,1,11,460,382
plastic369.jpg,512,384,plastic,99,4,512,383
trash96.jpg,512,384,trash,6,64,510,383
glass32.jpg,512,384,glass,154,95,429,382
trash39.jpg,512,384,trash,148,94,382,288
cardboard73.jpg,512,384,cardboard,5,5,510,382
plastic314.jpg,512,384,plastic,56,6,394,370
glass345.jpg,512,384,glass,213,21,427,384
metal196.jpg,512,384,metal,3,1,511,385
glass281.jpg,512,384,glass,226,145,338,262
glass361.jpg,512,384,glass,124,68,429,382
trash63.jpg,512,384,trash,112,21,449,368
metal69.jpg,512,384,metal,122,121,352,266
cardboard361.jpg,512,384,cardboard,5,3,510,384
cardboard263.jpg,512,384,cardboard,4,4,512,383
metal291.jpg,512,384,metal,156,108,371,282
paper151.jpg,512,384,paper,82,82,387,289
paper306.jpg,512,384,paper,8,69,398,383
metal353.jpg,512,384,metal,195,142,431,335
metal147.jpg,512,384,metal,108,47,458,326
metal378.jpg,512,384,metal,178,80,361,261
paper16.jpg,512,384,paper,12,3,450,381
glass350.jpg,512,384,glass,196,79,427,382
plastic472.jpg,512,384,plastic,16,78,471,371
paper99.jpg,512,384,paper,5,2,472,384
paper48.jpg,512,384,paper,77,7,389,355
cardboard391.jpg,512,384,cardboard,3,3,513,384
paper476.jpg,512,384,paper,89,5,479,384
plastic246.jpg,512,384,plastic,6,3,509,325
glass479.jpg,512,384,glass,114,2,511,385
paper455.jpg,512,384,paper,5,7,511,380
glass181.jpg,512,384,glass,10,187,427,305
metal102.jpg,512,384,metal,165,76,357,329
paper10.jpg,512,384,paper,69,6,494,384
cardboard389.jpg,512,384,cardboard,4,4,511,383
cardboard395.jpg,512,384,cardboard,5,3,513,383
paper479.jpg,512,384,paper,94,61,337,306
glass374.jpg,512,384,glass,4,59,516,300
plastic445.jpg,512,384,plastic,150,136,440,383
glass150.jpg,512,384,glass,39,36,380,331
plastic384.jpg,512,384,plastic,136,2,424,353
metal138.jpg,512,384,metal,133,77,398,346
trash128.jpg,512,384,trash,194,156,309,276
glass96.jpg,512,384,glass,170,68,345,385
paper15.jpg,512,384,paper,5,55,420,383
paper108.jpg,512,384,paper,8,4,426,383
plastic6.jpg,512,384,plastic,102,45,327,342
paper278.jpg,512,384,paper,118,70,390,353
glass377.jpg,512,384,glass,54,2,430,384
trash73.jpg,512,384,trash,99,6,362,384
metal224.jpg,512,384,metal,71,92,512,348
paper136.jpg,512,384,paper,4,2,474,384
plastic106.jpg,512,384,plastic,4,110,499,307
cardboard123.jpg,512,384,cardboard,5,47,511,382
plastic94.jpg,512,384,plastic,70,124,454,278
glass235.jpg,512,384,glass,151,149,333,383
plastic184.jpg,512,384,plastic,142,66,384,321
paper253.jpg,512,384,paper,64,68,433,340
metal319.jpg,512,384,metal,34,3,512,384
glass125.jpg,512,384,glass,25,137,510,285
paper73.jpg,512,384,paper,5,2,499,382
trash64.jpg,512,384,trash,237,26,414,316
trash48.jpg,512,384,trash,194,76,356,308
plastic24.jpg,512,384,plastic,210,5,509,186
glass109.jpg,512,384,glass,121,3,514,353
cardboard147.jpg,512,384,cardboard,7,4,411,378
plastic238.jpg,512,384,plastic,5,29,511,382
paper478.jpg,512,384,paper,5,3,436,386
plastic292.jpg,512,384,plastic,82,56,467,276
metal404.jpg,512,384,metal,5,47,510,379
cardboard329.jpg,512,384,cardboard,4,4,512,383
trash24.jpg,512,384,trash,136,19,498,382
plastic423.jpg,512,384,plastic,60,6,417,320
cardboard279.jpg,512,384,cardboard,5,4,511,383
plastic154.jpg,512,384,plastic,194,147,284,222
cardboard210.jpg,512,384,cardboard,4,5,457,384
glass226.jpg,512,384,glass,155,161,427,382
metal286.jpg,512,384,metal,123,50,512,318
glass411.jpg,512,384,glass,3,3,469,380
paper126.jpg,512,384,paper,76,73,365,344
metal204.jpg,512,384,metal,179,106,379,258
glass61.jpg,512,384,glass,135,22,512,382
paper284.jpg,512,384,paper,6,4,346,375
paper286.jpg,512,384,paper,6,27,509,383
plastic320.jpg,512,384,plastic,4,3,509,376
metal385.jpg,512,384,metal,177,66,412,311
paper7.jpg,512,384,paper,98,58,511,382
glass241.jpg,512,384,glass,126,191,281,384
metal317.jpg,512,384,metal,5,4,298,380
cardboard165.jpg,512,384,cardboard,4,4,511,383
plastic261.jpg,512,384,plastic,68,7,400,323
paper160.jpg,512,384,paper,74,53,395,381
glass381.jpg,512,384,glass,4,37,428,295
cardboard46.jpg,512,384,cardboard,5,4,513,383
paper59.jpg,512,384,paper,79,6,437,373
metal271.jpg,512,384,metal,4,31,446,383
cardboard280.jpg,512,384,cardboard,4,4,511,383
paper3.jpg,512,384,paper,67,3,382,327
paper282.jpg,512,384,paper,28,105,429,320
cardboard84.jpg,512,384,cardboard,4,4,512,385
plastic402.jpg,512,384,plastic,3,126,428,383
trash108.jpg,512,384,trash,63,49,422,382
paper484.jpg,512,384,paper,24,8,381,382
plastic388.jpg,512,384,plastic,3,22,492,383
metal188.jpg,512,384,metal,34,42,396,266
plastic27.jpg,512,384,plastic,48,26,452,290
glass315.jpg,512,384,glass,70,106,444,386
paper470.jpg,512,384,paper,5,3,407,349
plastic229.jpg,512,384,plastic,165,62,361,252
plastic172.jpg,512,384,plastic,50,87,341,287
glass163.jpg,512,384,glass,5,17,313,339
glass143.jpg,512,384,glass,6,118,429,340
cardboard201.jpg,512,384,cardboard,61,2,408,363
cardboard53.jpg,512,384,cardboard,4,5,512,385
glass188.jpg,512,384,glass,126,78,275,286
paper125.jpg,512,384,paper,4,4,336,383
plastic300.jpg,512,384,plastic,30,100,459,278
glass447.jpg,512,384,glass,186,58,443,318
paper93.jpg,512,384,paper,37,8,444,381
plastic170.jpg,512,384,plastic,108,109,302,292
metal65.jpg,512,384,metal,127,16,483,371
glass441.jpg,512,384,glass,100,136,430,385
paper293.jpg,512,384,paper,25,61,445,383
cardboard50.jpg,512,384,cardboard,3,4,514,386
cardboard338.jpg,512,384,cardboard,5,4,512,383
paper463.jpg,512,384,paper,8,5,509,382
plastic401.jpg,512,384,plastic,97,138,407,254
plastic403.jpg,512,384,plastic,81,10,390,385
plastic431.jpg,512,384,plastic,142,122,442,286
cardboard100.jpg,512,384,cardboard,4,5,511,385
glass477.jpg,512,384,glass,82,121,377,269
metal365.jpg,512,384,metal,3,4,500,283
trash75.jpg,512,384,trash,132,76,353,311
paper209.jpg,512,384,paper,7,4,510,383
paper5.jpg,512,384,paper,8,3,435,381
glass493.jpg,512,384,glass,72,15,346,353
cardboard7.jpg,512,384,cardboard,5,3,511,383
paper390.jpg,512,384,paper,28,3,512,383
metal170.jpg,512,384,metal,61,22,367,340
paper404.jpg,512,384,paper,4,28,435,382
plastic440.jpg,512,384,plastic,132,66,495,384
cardboard37.jpg,512,384,cardboard,4,4,509,383
cardboard372.jpg,512,384,cardboard,4,3,513,384
plastic162.jpg,512,384,plastic,4,3,512,199
cardboard374.jpg,512,384,cardboard,4,3,513,384
paper32.jpg,512,384,paper,56,16,427,354
paper382.jpg,512,384,paper,6,178,481,269
cardboard260.jpg,512,384,cardboard,4,4,512,385
metal86.jpg,512,384,metal,139,56,445,384
cardboard115.jpg,512,384,cardboard,4,5,511,382
glass318.jpg,512,384,glass,109,4,513,382
paper89.jpg,512,384,paper,26,60,420,381
plastic210.jpg,512,384,plastic,5,4,410,382
glass371.jpg,512,384,glass,109,60,434,387
glass401.jpg,512,384,glass,4,4,511,382
metal221.jpg,512,384,metal,26,2,511,382
paper140.jpg,512,384,paper,7,4,467,377
cardboard326.jpg,512,384,cardboard,3,2,511,382
paper300.jpg,512,384,paper,59,18,462,366
metal370.jpg,512,384,metal,160,181,510,382
plastic78.jpg,512,384,plastic,4,79,510,382
metal116.jpg,512,384,metal,144,104,360,325
glass60.jpg,512,384,glass,171,4,510,249
glass263.jpg,512,384,glass,0,182,286,356
trash72.jpg,512,384,trash,110,95,418,340
cardboard117.jpg,512,384,cardboard,3,4,511,382
glass413.jpg,512,384,glass,32,123,461,285
paper391.jpg,512,384,paper,16,4,512,383
plastic282.jpg,512,384,plastic,5,6,487,380
glass348.jpg,512,384,glass,52,75,460,257
plastic433.jpg,512,384,plastic,108,91,425,292
metal329.jpg,512,384,metal,25,5,510,382
paper29.jpg,512,384,paper,87,65,394,384
metal93.jpg,512,384,metal,117,87,513,383
paper327.jpg,512,384,paper,71,42,391,331
glass55.jpg,512,384,glass,5,4,373,319
plastic96.jpg,512,384,plastic,119,77,452,275
plastic317.jpg,512,384,plastic,131,36,420,318
cardboard166.jpg,512,384,cardboard,4,5,423,384
glass386.jpg,512,384,glass,194,128,429,381
metal402.jpg,512,384,metal,0,157,485,384
paper107.jpg,512,384,paper,4,4,402,380
metal213.jpg,512,384,metal,131,118,313,271
paper487.jpg,512,384,paper,5,21,424,381
paper342.jpg,512,384,paper,5,6,454,387
plastic145.jpg,512,384,plastic,39,148,493,296
plastic130.jpg,512,384,plastic,95,106,385,317
cardboard29.jpg,512,384,cardboard,18,2,512,382
cardboard346.jpg,512,384,cardboard,5,4,508,382
plastic13.jpg,512,384,plastic,139,92,430,278
cardboard319.jpg,512,384,cardboard,4,2,511,382
trash111.jpg,512,384,trash,64,103,350,350
glass410.jpg,512,384,glass,47,150,512,383
metal296.jpg,512,384,metal,92,36,512,383
glass442.jpg,512,384,glass,13,24,511,378
plastic315.jpg,512,384,plastic,116,73,397,285
metal154.jpg,512,384,metal,124,106,333,290
paper113.jpg,512,384,paper,7,146,510,382
plastic329.jpg,512,384,plastic,92,3,453,349
paper120.jpg,512,384,paper,69,144,337,264
metal337.jpg,512,384,metal,207,213,513,382
glass480.jpg,512,384,glass,3,4,513,380
plastic12.jpg,512,384,plastic,168,61,316,285
metal392.jpg,512,384,metal,6,4,510,379
trash118.jpg,512,384,trash,104,39,447,348
glass7.jpg,512,384,glass,152,46,447,385
cardboard184.jpg,512,384,cardboard,17,10,510,310
trash55.jpg,512,384,trash,189,71,376,257
plastic80.jpg,512,384,plastic,64,80,477,322
glass222.jpg,512,384,glass,162,137,372,276
paper181.jpg,512,384,paper,118,3,511,329
metal52.jpg,512,384,metal,46,1,492,383
cardboard388.jpg,512,384,cardboard,5,3,511,384
trash29.jpg,512,384,trash,48,30,495,314
glass252.jpg,512,384,glass,193,180,326,386
glass376.jpg,512,384,glass,77,120,511,380
paper540.jpg,512,384,paper,4,4,481,382
paper407.jpg,512,384,paper,5,5,475,378
cardboard140.jpg,512,384,cardboard,5,5,416,280
paper443.jpg,512,384,paper,5,3,508,375
cardboard240.jpg,512,384,cardboard,4,4,510,385
plastic471.jpg,512,384,plastic,76,11,375,351
cardboard237.jpg,512,384,cardboard,4,4,510,383
glass437.jpg,512,384,glass,135,108,135,108
glass437.jpg,512,384,glass,137,109,430,251
cardboard61.jpg,512,384,cardboard,3,5,511,381
paper225.jpg,512,384,paper,117,54,413,345
glass172.jpg,512,384,glass,181,123,478,270
metal109.jpg,512,384,metal,235,4,512,316
trash8.jpg,512,384,trash,75,68,485,340
cardboard281.jpg,512,384,cardboard,5,4,510,385
cardboard236.jpg,512,384,cardboard,6,4,510,383
metal47.jpg,512,384,metal,211,109,511,383
glass415.jpg,512,384,glass,88,131,424,221
glass403.jpg,512,384,glass,99,176,514,385
trash91.jpg,512,384,trash,6,7,476,382
plastic214.jpg,512,384,plastic,15,61,511,386
metal390.jpg,512,384,metal,177,3,511,381
glass12.jpg,512,384,glass,54,71,322,233
paper359.jpg,512,384,paper,85,40,380,343
glass59.jpg,512,384,glass,159,119,512,384
cardboard390.jpg,512,384,cardboard,4,4,512,383
paper421.jpg,512,384,paper,83,110,358,286
trash7.jpg,512,384,trash,217,139,353,263
metal299.jpg,512,384,metal,159,28,511,382
glass459.jpg,512,384,glass,149,1,430,204
metal349.jpg,512,384,metal,69,5,510,313
plastic345.jpg,512,384,plastic,123,74,463,382
plastic86.jpg,512,384,plastic,4,102,514,381
cardboard392.jpg,512,384,cardboard,3,156,511,363
paper264.jpg,512,384,paper,152,112,385,280
plastic92.jpg,512,384,plastic,7,50,510,382
paper335.jpg,512,384,paper,5,1,512,376
paper375.jpg,512,384,paper,22,3,466,383
glass196.jpg,512,384,glass,140,27,340,326
plastic117.jpg,512,384,plastic,1,59,430,385
glass330.jpg,512,384,glass,158,95,346,382
paper201.jpg,512,384,paper,98,72,424,289
glass244.jpg,512,384,glass,11,130,392,262
paper320.jpg,512,384,paper,121,39,510,384
paper308.jpg,512,384,paper,10,4,483,385
plastic150.jpg,512,384,plastic,155,148,372,250
trash77.jpg,512,384,trash,157,18,474,272
glass102.jpg,512,384,glass,69,109,417,248
paper352.jpg,512,384,paper,161,33,387,357
paper536.jpg,512,384,paper,82,90,353,314
glass387.jpg,512,384,glass,44,65,402,331
paper539.jpg,512,384,paper,21,5,425,381
paper594.jpg,512,384,paper,95,123,298,266
glass13.jpg,512,384,glass,72,84,305,296
cardboard232.jpg,512,384,cardboard,5,4,511,382
metal393.jpg,512,384,metal,147,48,410,323
plastic72.jpg,512,384,plastic,143,32,402,289
trash90.jpg,512,384,trash,57,28,352,334
metal398.jpg,512,384,metal,102,104,382,384
paper133.jpg,512,384,paper,21,5,510,382
metal340.jpg,512,384,metal,163,51,420,328
trash87.jpg,512,384,trash,74,43,381,371
trash134.jpg,512,384,trash,129,129,454,326
paper112.jpg,512,384,paper,11,6,400,381
plastic105.jpg,512,384,plastic,187,44,433,384
paper279.jpg,512,384,paper,109,4,348,382
plastic1.jpg,512,384,plastic,108,108,427,287
metal55.jpg,512,384,metal,1,121,510,383
glass323.jpg,512,384,glass,4,97,269,383
metal101.jpg,512,384,metal,168,115,482,347
trash132.jpg,512,384,trash,177,111,288,263
paper557.jpg,512,384,paper,35,40,437,362
glass147.jpg,512,384,glass,108,51,313,217
metal145.jpg,512,384,metal,144,60,388,313
glass351.jpg,512,384,glass,5,1,430,239
trash5.jpg,512,384,trash,50,7,440,367
paper552.jpg,512,384,paper,166,93,388,286
trash125.jpg,512,384,trash,146,92,329,301
plastic281.jpg,512,384,plastic,7,113,512,382
metal372.jpg,512,384,metal,5,118,359,383
metal31.jpg,512,384,metal,102,3,512,381
plastic338.jpg,512,384,plastic,91,82,215,268
metal267.jpg,512,384,metal,6,2,347,293
cardboard14.jpg,512,384,cardboard,3,3,513,383
cardboard368.jpg,512,384,cardboard,5,6,510,381
paper152.jpg,512,384,paper,4,6,461,384
glass434.jpg,512,384,glass,61,72,429,314
metal292.jpg,512,384,metal,149,111,515,371
paper164.jpg,512,384,paper,131,4,382,322
glass124.jpg,512,384,glass,5,78,461,288
paper533.jpg,512,384,paper,5,4,448,383
plastic220.jpg,512,384,plastic,112,78,501,329
glass185.jpg,512,384,glass,47,36,428,306
plastic352.jpg,512,384,plastic,4,5,389,388
metal335.jpg,512,384,metal,22,35,472,298
glass384.jpg,512,384,glass,4,87,429,240
cardboard40.jpg,512,384,cardboard,3,4,511,383
cardboard3.jpg,512,384,cardboard,4,4,509,382
glass106.jpg,512,384,glass,163,3,316,350
metal233.jpg,512,384,metal,101,94,508,302
paper402.jpg,512,384,paper,5,4,450,356
paper324.jpg,512,384,paper,46,82,440,279
paper90.jpg,512,384,paper,4,4,508,383
glass320.jpg,512,384,glass,31,137,425,268
paper92.jpg,512,384,paper,19,4,410,338
glass152.jpg,512,384,glass,53,115,429,259
plastic129.jpg,512,384,plastic,66,178,353,337
metal140.jpg,512,384,metal,114,13,416,309
plastic278.jpg,512,384,plastic,179,98,394,382
cardboard233.jpg,512,384,cardboard,5,2,511,382
glass342.jpg,512,384,glass,118,2,428,382
metal85.jpg,512,384,metal,55,194,484,385
glass408.jpg,512,384,glass,5,80,428,307
cardboard196.jpg,512,384,cardboard,82,4,510,375
metal219.jpg,512,384,metal,118,26,347,328
paper406.jpg,512,384,paper,126,228,449,380
metal198.jpg,512,384,metal,81,44,324,345
plastic2.jpg,512,384,plastic,40,115,478,263
cardboard157.jpg,512,384,cardboard,6,5,510,382
metal51.jpg,512,384,metal,183,87,396,300
paper351.jpg,512,384,paper,6,3,510,384
paper573.jpg,512,384,paper,76,79,444,359
glass362.jpg,512,384,glass,125,61,322,307
glass253.jpg,512,384,glass,193,138,362,380
metal344.jpg,512,384,metal,109,103,414,278
plastic457.jpg,512,384,plastic,202,5,495,366
cardboard25.jpg,512,384,cardboard,3,5,512,385
glass220.jpg,512,384,glass,88,149,282,233
cardboard401.jpg,512,384,cardboard,4,5,510,385
plastic119.jpg,512,384,plastic,5,5,505,382
paper344.jpg,512,384,paper,83,69,511,384
metal66.jpg,512,384,metal,152,117,392,383
glass458.jpg,512,384,glass,158,35,419,375
glass197.jpg,512,384,glass,223,128,404,385
paper362.jpg,512,384,paper,156,3,509,383
plastic219.jpg,512,384,plastic,95,43,429,383
cardboard245.jpg,512,384,cardboard,5,4,510,383
paper22.jpg,512,384,paper,58,32,407,373
glass467.jpg,512,384,glass,158,83,512,381
cardboard369.jpg,512,384,cardboard,4,6,509,383
paper563.jpg,512,384,paper,5,5,511,371
glass36.jpg,512,384,glass,165,115,430,383
cardboard403.jpg,512,384,cardboard,2,101,513,381
plastic113.jpg,512,384,plastic,5,3,512,348
metal282.jpg,512,384,metal,100,41,501,384
plastic111.jpg,512,384,plastic,5,4,411,382
plastic192.jpg,512,384,plastic,81,4,480,369
plastic122.jpg,512,384,plastic,203,3,355,319
paper246.jpg,512,384,paper,4,4,370,382
trash_plastic466.jpg,512,384,trash,146,136,333,338
metal186.jpg,512,384,metal,170,110,510,385
metal37.jpg,512,384,metal,208,83,511,382
glass42.jpg,512,384,glass,5,5,379,367
glass107.jpg,512,384,glass,189,5,439,381
plastic381.jpg,512,384,plastic,65,101,451,254
metal295.jpg,512,384,metal,105,50,380,330
glass136.jpg,512,384,glass,192,76,363,383
plastic114.jpg,512,384,plastic,5,3,272,383
metal293.jpg,512,384,metal,24,83,512,292
paper442.jpg,512,384,paper,6,125,394,381
metal234.jpg,512,384,metal,276,2,511,366
plastic173.jpg,512,384,plastic,108,61,384,335
metal122.jpg,512,384,metal,129,94,360,305
paper429.jpg,512,384,paper,10,4,452,382
paper237.jpg,512,384,paper,3,3,448,381
glass358.jpg,512,384,glass,213,84,515,366
paper231.jpg,512,384,paper,7,5,428,347
cardboard273.jpg,512,384,cardboard,4,3,510,384
glass116.jpg,512,384,glass,3,92,376,313
paper471.jpg,512,384,paper,4,29,436,370
glass419.jpg,512,384,glass,75,65,355,316
cardboard304.jpg,512,384,cardboard,4,3,512,384
metal232.jpg,512,384,metal,3,4,513,382
trash129.jpg,512,384,trash,132,109,406,301
paper535.jpg,512,384,paper,6,6,393,376
metal350.jpg,512,384,metal,243,56,509,385
metal121.jpg,512,384,metal,92,117,512,383
glass472.jpg,512,384,glass,222,0,386,315
cardboard394.jpg,512,384,cardboard,6,3,513,381
paper94.jpg,512,384,paper,24,49,401,383
trash36.jpg,512,384,trash,116,30,479,342
cardboard97.jpg,512,384,cardboard,4,2,493,385
trash9.jpg,512,384,trash,134,78,392,285
cardboard383.jpg,512,384,cardboard,6,5,511,382
cardboard111.jpg,512,384,cardboard,3,2,511,382
plastic469.jpg,512,384,plastic,3,79,309,356
paper377.jpg,512,384,paper,71,60,401,266
glass486.jpg,512,384,glass,7,117,512,381
plastic372.jpg,512,384,plastic,215,2,511,262
paper144.jpg,512,384,paper,66,2,391,378
paper121.jpg,512,384,paper,37,2,510,382
paper529.jpg,512,384,paper,22,4,504,382
paper78.jpg,512,384,paper,58,10,379,377
paper72.jpg,512,384,paper,31,6,438,381
cardboard92.jpg,512,384,cardboard,3,2,511,382
metal388.jpg,512,384,metal,3,4,478,353
metal373.jpg,512,384,metal,151,88,393,332
cardboard58.jpg,512,384,cardboard,4,1,509,383
plastic218.jpg,512,384,plastic,28,2,512,340
plastic52.jpg,512,384,plastic,148,86,361,306
plastic201.jpg,512,384,plastic,89,5,466,372
plastic342.jpg,512,384,plastic,175,61,474,385
paper436.jpg,512,384,paper,6,3,510,384
glass65.jpg,512,384,glass,78,30,511,381
glass78.jpg,512,384,glass,4,61,513,206
plastic58.jpg,512,384,plastic,201,78,485,384
metal253.jpg,512,384,metal,119,1,433,339
glass123.jpg,512,384,glass,56,1,436,260
plastic60.jpg,512,384,plastic,45,155,419,280
paper176.jpg,512,384,paper,56,72,452,326
glass17.jpg,512,384,glass,6,61,494,297
plastic164.jpg,512,384,plastic,5,89,480,384
paper593.jpg,512,384,paper,122,64,348,313
paper468.jpg,512,384,paper,129,90,396,291
metal81.jpg,512,384,metal,69,159,511,385
metal197.jpg,512,384,metal,78,55,434,335
glass496.jpg,512,384,glass,84,59,432,253
paper66.jpg,512,384,paper,3,74,509,382
metal70.jpg,512,384,metal,64,118,439,314
paper562.jpg,512,384,paper,45,4,493,379
plastic263.jpg,512,384,plastic,116,2,480,381
metal408.jpg,512,384,metal,173,80,510,306
cardboard315.jpg,512,384,cardboard,4,4,511,382
trash19.jpg,512,384,trash,189,63,387,309
cardboard309.jpg,512,384,cardboard,3,4,509,255
cardboard302.jpg,512,384,cardboard,5,3,511,384
plastic87.jpg,512,384,plastic,4,4,511,312
glass15.jpg,512,384,glass,105,119,307,274
cardboard69.jpg,512,384,cardboard,3,4,511,383
glass211.jpg,512,384,glass,69,101,315,231
trash21.jpg,512,384,trash,74,82,402,235
paper558.jpg,512,384,paper,4,4,510,383
glass335.jpg,512,384,glass,155,97,483,383
plastic144.jpg,512,384,plastic,3,4,486,382
cardboard300.jpg,512,384,cardboard,2,2,510,382
cardboard357.jpg,512,384,cardboard,5,3,511,384
paper166.jpg,512,384,paper,19,4,504,316
paper33.jpg,512,384,paper,103,2,423,385
plastic274.jpg,512,384,plastic,178,48,358,384
cardboard56.jpg,512,384,cardboard,5,4,518,383
paper321.jpg,512,384,paper,48,91,495,385
paper275.jpg,512,384,paper,64,38,398,352
glass383.jpg,512,384,glass,105,18,429,377
glass257.jpg,512,384,glass,229,57,345,264
paper561.jpg,512,384,paper,32,48,469,305
glass191.jpg,512,384,glass,120,131,280,242
plastic332.jpg,512,384,plastic,129,38,456,384
paper173.jpg,512,384,paper,112,37,406,341
paper509.jpg,512,384,paper,76,4,494,382
glass26.jpg,512,384,glass,45,68,426,312
cardboard136.jpg,512,384,cardboard,139,74,313,266
cardboard155.jpg,512,384,cardboard,4,4,514,385
glass390.jpg,512,384,glass,11,138,429,381
cardboard214.jpg,512,384,cardboard,104,5,321,381
glass498.jpg,512,384,glass,108,6,444,384
paper88.jpg,512,384,paper,4,4,435,367
paper130.jpg,512,384,paper,48,63,414,330
trash85.jpg,512,384,trash,182,106,388,295
metal244.jpg,512,384,metal,141,24,443,331
cardboard225.jpg,512,384,cardboard,4,5,511,381
glass45.jpg,512,384,glass,146,105,514,366
glass475.jpg,512,384,glass,42,64,244,286
paper85.jpg,512,384,paper,5,86,512,384
paper350.jpg,512,384,paper,72,27,418,338
glass156.jpg,512,384,glass,6,7,428,382
cardboard307.jpg,512,384,cardboard,4,5,511,382
cardboard113.jpg,512,384,cardboard,3,4,512,383
metal158.jpg,512,384,metal,183,57,448,321
metal308.jpg,512,384,metal,2,4,373,281
metal136.jpg,512,384,metal,176,179,435,387
cardboard49.jpg,512,384,cardboard,109,5,509,381
paper356.jpg,512,384,paper,37,7,476,359
cardboard356.jpg,512,384,cardboard,5,3,512,383
glass221.jpg,512,384,glass,212,60,320,315
paper167.jpg,512,384,paper,58,5,457,382
paper137.jpg,512,384,paper,6,3,515,331
paper303.jpg,512,384,paper,15,4,515,382
paper457.jpg,512,384,paper,4,4,514,380
cardboard128.jpg,512,384,cardboard,3,3,461,299
cardboard96.jpg,512,384,cardboard,3,4,512,385
cardboard239.jpg,512,384,cardboard,2,9,512,384
trash115.jpg,512,384,trash,179,21,421,317
metal22.jpg,512,384,metal,180,78,423,320
cardboard327.jpg,512,384,cardboard,68,0,511,384
metal231.jpg,512,384,metal,2,3,352,276
plastic307.jpg,512,384,plastic,127,18,392,290
paper548.jpg,512,384,paper,99,97,375,263
glass23.jpg,512,384,glass,70,12,428,383
glass171.jpg,512,384,glass,102,99,407,277
metal226.jpg,512,384,metal,87,5,438,351
metal146.jpg,512,384,metal,111,98,394,382
metal189.jpg,512,384,metal,3,59,462,352
cardboard297.jpg,512,384,cardboard,4,3,510,384
paper76.jpg,512,384,paper,22,3,425,380
glass331.jpg,512,384,glass,123,68,384,319
metal187.jpg,512,384,metal,12,1,308,259
paper154.jpg,512,384,paper,107,35,381,309
glass8.jpg,512,384,glass,145,154,371,382
glass121.jpg,512,384,glass,2,51,513,268
metal130.jpg,512,384,metal,152,78,441,384
plastic293.jpg,512,384,plastic,148,1,448,349
metal118.jpg,512,384,metal,5,0,513,359
trash112.jpg,512,384,trash,43,77,431,379
cardboard125.jpg,512,384,cardboard,4,2,477,384
paper420.jpg,512,384,paper,5,5,514,332
paper583.jpg,512,384,paper,111,32,321,358
glass248.jpg,512,384,glass,59,112,458,293
metal327.jpg,512,384,metal,29,145,417,383
paper270.jpg,512,384,paper,29,6,487,383
paper551.jpg,512,384,paper,5,3,370,350
plastic142.jpg,512,384,plastic,97,2,333,364
cardboard162.jpg,512,384,cardboard,4,4,512,383
metal143.jpg,512,384,metal,69,94,475,377
plastic479.jpg,512,384,plastic,190,54,351,308
plastic387.jpg,512,384,plastic,6,4,489,383
metal315.jpg,512,384,metal,87,107,399,271
paper230.jpg,512,384,paper,4,4,510,143
paper325.jpg,512,384,paper,66,50,379,291
paper445.jpg,512,384,paper,39,7,416,386
cardboard223.jpg,512,384,cardboard,4,3,510,384
trash1.jpg,512,384,trash,161,40,421,350
plastic406.jpg,512,384,plastic,139,134,360,383
glass426.jpg,512,384,glass,113,148,428,350
glass162.jpg,512,384,glass,113,90,456,381
paper292.jpg,512,384,paper,5,119,512,336
glass300.jpg,512,384,glass,223,38,407,382
paper235.jpg,512,384,paper,86,55,415,334
cardboard72.jpg,512,384,cardboard,5,4,510,383
paper243.jpg,512,384,paper,110,35,373,337
plastic407.jpg,512,384,plastic,122,6,448,384
metal265.jpg,512,384,metal,99,145,510,382
trash49.jpg,512,384,trash,155,55,427,362
cardboard36.jpg,512,384,cardboard,3,4,512,383
trash_plastic461.jpg,512,384,trash,66,85,326,355
plastic21.jpg,512,384,plastic,79,98,510,304
paper234.jpg,512,384,paper,78,5,436,329
paper366.jpg,512,384,paper,10,31,494,345
trash26.jpg,512,384,trash,192,117,417,326
glass284.jpg,512,384,glass,167,133,512,381
plastic55.jpg,512,384,plastic,4,2,377,381
metal164.jpg,512,384,metal,135,70,412,290
glass307.jpg,512,384,glass,6,26,345,322
trash62.jpg,512,384,trash,165,101,328,292
paper104.jpg,512,384,paper,36,0,455,384
metal156.jpg,512,384,metal,193,76,294,269
glass9.jpg,512,384,glass,95,75,382,327
glass120.jpg,512,384,glass,250,106,513,385
paper251.jpg,512,384,paper,83,42,323,357
paper265.jpg,512,384,paper,5,2,445,382
glass98.jpg,512,384,glass,105,2,383,384
plastic118.jpg,512,384,plastic,18,3,512,377
paper450.jpg,512,384,paper,9,54,489,357
paper261.jpg,512,384,paper,59,67,385,338
plastic161.jpg,512,384,plastic,8,3,473,334
glass301.jpg,512,384,glass,3,49,498,246
cardboard38.jpg,512,384,cardboard,4,3,511,384
plastic228.jpg,512,384,plastic,122,7,433,320
metal338.jpg,512,384,metal,110,90,322,299
cardboard217.jpg,512,384,cardboard,119,100,339,308
paper456.jpg,512,384,paper,87,57,400,312
paper69.jpg,512,384,paper,94,37,482,383
trash113.jpg,512,384,trash,39,62,336,349
plastic20.jpg,512,384,plastic,79,26,379,352
glass195.jpg,512,384,glass,71,36,404,368
metal358.jpg,512,384,metal,104,20,509,320
glass206.jpg,512,384,glass,76,72,416,330
metal241.jpg,512,384,metal,68,40,383,346
trash116.jpg,512,384,trash,81,54,435,320
cardboard138.jpg,512,384,cardboard,3,4,512,383
paper497.jpg,512,384,paper,35,83,503,316
paper499.jpg,512,384,paper,105,117,293,275
paper287.jpg,512,384,paper,59,4,385,383
paper461.jpg,512,384,paper,6,1,24,48
glass433.jpg,512,384,glass,130,58,427,382
metal260.jpg,512,384,metal,150,95,512,382
paper576.jpg,512,384,paper,138,43,367,308
glass407.jpg,512,384,glass,48,12,510,263
metal155.jpg,512,384,metal,184,135,282,233
trash61.jpg,512,384,trash,94,10,447,382
metal44.jpg,512,384,metal,94,1,511,383
paper196.jpg,512,384,paper,3,3,453,364
cardboard248.jpg,512,384,cardboard,4,3,510,384
paper276.jpg,512,384,paper,94,55,352,334
plastic313.jpg,512,384,plastic,99,67,427,279
metal178.jpg,512,384,metal,123,142,262,234
metal303.jpg,512,384,metal,160,75,404,298
metal240.jpg,512,384,metal,173,4,411,252
plastic66.jpg,512,384,plastic,27,4,508,317
metal285.jpg,512,384,metal,146,90,367,326
glass488.jpg,512,384,glass,113,49,376,295
glass369.jpg,512,384,glass,75,140,428,361
paper39.jpg,512,384,paper,48,113,406,379
plastic480.jpg,512,384,plastic,211,160,398,382
cardboard99.jpg,512,384,cardboard,5,62,513,319
cardboard1.jpg,512,384,cardboard,4,3,511,384
cardboard241.jpg,512,384,cardboard,4,3,512,384
cardboard271.jpg,512,384,cardboard,4,4,511,382
glass2.jpg,512,384,glass,75,97,284,280
cardboard198.jpg,512,384,cardboard,4,4,443,385
glass30.jpg,512,384,glass,212,86,358,381
paper385.jpg,512,384,paper,173,96,356,294
paper371.jpg,512,384,paper,5,66,463,381
paper414.jpg,512,384,paper,39,38,492,382
paper560.jpg,512,384,paper,59,81,447,298
paper367.jpg,512,384,paper,33,6,206,229
paper367.jpg,512,384,paper,193,29,416,379
paper367.jpg,512,384,paper,78,226,267,374
metal406.jpg,512,384,metal,53,6,511,365
paper330.jpg,512,384,paper,69,5,506,341
glass16.jpg,512,384,glass,97,55,289,205
metal207.jpg,512,384,metal,157,104,328,258
cardboard79.jpg,512,384,cardboard,4,4,511,385
paper139.jpg,512,384,paper,4,24,423,383
cardboard249.jpg,512,384,cardboard,4,3,511,383
paper315.jpg,512,384,paper,73,18,418,377
glass81.jpg,512,384,glass,46,111,444,282
cardboard250.jpg,512,384,cardboard,4,3,510,384
metal222.jpg,512,384,metal,125,28,512,383
paper146.jpg,512,384,paper,94,117,397,315
plastic65.jpg,512,384,plastic,102,143,330,385
cardboard316.jpg,512,384,cardboard,3,3,510,383
cardboard24.jpg,512,384,cardboard,4,4,511,382
glass135.jpg,512,384,glass,100,67,409,259
glass396.jpg,512,384,glass,225,12,429,306
cardboard317.jpg,512,384,cardboard,4,3,511,383
paper273.jpg,512,384,paper,49,8,454,375
paper467.jpg,512,384,paper,51,114,406,383
metal53.jpg,512,384,metal,98,3,378,265
plastic104.jpg,512,384,plastic,193,65,406,382
paper547.jpg,512,384,paper,4,27,440,346
glass190.jpg,512,384,glass,2,103,398,382
trash110.jpg,512,384,trash,133,117,466,381
trash93.jpg,512,384,trash,178,5,501,382
plastic350.jpg,512,384,plastic,219,46,423,386
cardboard54.jpg,512,384,cardboard,5,3,377,384
cardboard172.jpg,512,384,cardboard,91,39,362,369
glass165.jpg,512,384,glass,6,2,405,236
cardboard87.jpg,512,384,cardboard,4,3,512,384
cardboard216.jpg,512,384,cardboard,123,97,322,285
cardboard197.jpg,512,384,cardboard,5,61,481,382
metal339.jpg,512,384,metal,87,63,381,336
plastic379.jpg,512,384,plastic,82,90,452,246
paper397.jpg,512,384,paper,44,36,487,387
paper522.jpg,512,384,paper,57,9,441,372
plastic452.jpg,512,384,plastic,211,158,381,273
paper188.jpg,512,384,paper,4,5,474,382
paper91.jpg,512,384,paper,34,77,452,334
plastic468.jpg,512,384,plastic,32,99,478,262
trash28.jpg,512,384,trash,114,55,415,364
glass344.jpg,512,384,glass,214,141,318,242
metal238.jpg,512,384,metal,206,81,474,381
paper534.jpg,512,384,paper,63,2,447,371
plastic277.jpg,512,384,plastic,150,2,386,288
glass353.jpg,512,384,glass,161,134,366,384
plastic392.jpg,512,384,plastic,70,47,378,304
plastic198.jpg,512,384,plastic,5,2,480,382
cardboard109.jpg,512,384,cardboard,77,3,511,384
plastic343.jpg,512,384,plastic,12,137,510,382
paper11.jpg,512,384,paper,88,7,372,367
metal263.jpg,512,384,metal,87,93,511,380
glass314.jpg,512,384,glass,2,44,253,307
paper267.jpg,512,384,paper,32,4,434,378
paper127.jpg,512,384,paper,2,34,510,383
cardboard370.jpg,512,384,cardboard,4,3,510,323
plastic412.jpg,512,384,plastic,90,97,373,264
paper296.jpg,512,384,paper,45,126,362,256
plastic26.jpg,512,384,plastic,187,103,357,252
glass424.jpg,512,384,glass,134,2,272,286
plastic4.jpg,512,384,plastic,90,57,373,302
cardboard282.jpg,512,384,cardboard,4,4,510,383
glass373.jpg,512,384,glass,180,2,327,345
glass250.jpg,512,384,glass,78,137,399,279
metal183.jpg,512,384,metal,109,208,217,384
paper329.jpg,512,384,paper,103,4,387,351
plastic59.jpg,512,384,plastic,52,3,454,309
paper55.jpg,512,384,paper,54,58,466,359
paper229.jpg,512,384,paper,3,71,464,384
plastic51.jpg,512,384,plastic,39,98,327,379
trash15.jpg,512,384,trash,154,85,379,272
cardboard81.jpg,512,384,cardboard,5,5,433,385
paper405.jpg,512,384,paper,28,4,480,382
cardboard360.jpg,512,384,cardboard,4,4,511,385
glass117.jpg,512,384,glass,89,5,509,330
paper304.jpg,512,384,paper,71,97,409,267
metal90.jpg,512,384,metal,165,103,409,317
metal33.jpg,512,384,metal,62,3,367,261
metal217.jpg,512,384,metal,4,4,353,259
metal46.jpg,512,384,metal,2,1,509,383
plastic230.jpg,512,384,plastic,40,110,399,289
trash124.jpg,512,384,trash,108,42,372,345
glass50.jpg,512,384,glass,2,2,374,304
plastic399.jpg,512,384,plastic,159,73,363,276
cardboard234.jpg,512,384,cardboard,5,4,510,383
cardboard191.jpg,512,384,cardboard,17,5,499,384
metal84.jpg,512,384,metal,121,2,511,385
paper394.jpg,512,384,paper,54,72,380,287
cardboard209.jpg,512,384,cardboard,6,26,490,385
paper512.jpg,512,384,paper,29,2,404,366
plastic124.jpg,512,384,plastic,5,34,476,341
metal9.jpg,512,384,metal,149,116,299,270
paper65.jpg,512,384,paper,29,30,441,354
paper64.jpg,512,384,paper,28,3,471,384
glass476.jpg,512,384,glass,184,68,310,384
paper44.jpg,512,384,paper,46,3,427,381
glass289.jpg,512,384,glass,156,75,385,357
metal95.jpg,512,384,metal,132,2,409,248
glass108.jpg,512,384,glass,121,97,368,293
metal247.jpg,512,384,metal,191,111,506,383
paper504.jpg,512,384,paper,3,216,510,382
paper504.jpg,512,384,paper,5,4,513,212
cardboard299.jpg,512,384,cardboard,4,4,510,383
paper458.jpg,512,384,paper,5,3,483,384
plastic18.jpg,512,384,plastic,23,0,483,336
plastic167.jpg,512,384,plastic,147,16,328,348
glass474.jpg,512,384,glass,74,163,288,313
glass270.jpg,512,384,glass,159,1,344,349
plastic67.jpg,512,384,plastic,43,61,463,383
cardboard186.jpg,512,384,cardboard,5,26,503,363
plastic364.jpg,512,384,plastic,8,5,513,382
metal220.jpg,512,384,metal,108,64,421,383
glass352.jpg,512,384,glass,102,62,373,370
glass406.jpg,512,384,glass,58,77,504,306
paper553.jpg,512,384,paper,4,4,509,373
glass103.jpg,512,384,glass,180,5,430,385
plastic398.jpg,512,384,plastic,99,61,372,335
glass312.jpg,512,384,glass,5,3,380,384
cardboard205.jpg,512,384,cardboard,58,6,399,363
paper202.jpg,512,384,paper,112,80,414,324
metal129.jpg,512,384,metal,116,80,328,382
glass405.jpg,512,384,glass,203,3,394,383
cardboard179.jpg,512,384,cardboard,57,27,418,384
plastic134.jpg,512,384,plastic,65,106,499,293
plastic61.jpg,512,384,plastic,144,47,448,352
plastic245.jpg,512,384,plastic,95,36,417,335
cardboard45.jpg,512,384,cardboard,4,2,510,382
paper544.jpg,512,384,paper,5,5,445,378
glass239.jpg,512,384,glass,225,158,513,268
plastic415.jpg,512,384,plastic,179,144,434,383
paper460.jpg,512,384,paper,6,5,495,384
metal371.jpg,512,384,metal,212,125,427,333
glass228.jpg,512,384,glass,217,126,324,235
plastic9.jpg,512,384,plastic,172,148,321,241
glass54.jpg,512,384,glass,190,2,492,382
plastic283.jpg,512,384,plastic,59,6,433,329
cardboard246.jpg,512,384,cardboard,19,3,511,384
plastic443.jpg,512,384,plastic,102,4,468,348
trash35.jpg,512,384,trash,158,36,408,284
cardboard130.jpg,512,384,cardboard,43,42,461,341
paper150.jpg,512,384,paper,63,109,408,269
glass137.jpg,512,384,glass,7,121,381,302
glass492.jpg,512,384,glass,4,1,376,381
cardboard325.jpg,512,384,cardboard,4,4,511,383
glass146.jpg,512,384,glass,177,3,373,386
paper134.jpg,512,384,paper,7,41,498,381
plastic321.jpg,512,384,plastic,73,102,480,384
cardboard296.jpg,512,384,cardboard,26,4,388,271
cardboard335.jpg,512,384,cardboard,3,3,510,384
plastic340.jpg,512,384,plastic,39,93,490,357
cardboard153.jpg,512,384,cardboard,77,45,404,336
glass448.jpg,512,384,glass,3,75,284,332
paper41.jpg,512,384,paper,6,5,511,382
metal237.jpg,512,384,metal,36,59,511,385
paper569.jpg,512,384,paper,49,0,447,381
glass494.jpg,512,384,glass,202,115,379,260
plastic272.jpg,512,384,plastic,14,102,510,320
paper340.jpg,512,384,paper,48,2,494,385
paper30.jpg,512,384,paper,36,100,379,290
glass86.jpg,512,384,glass,116,108,495,381
paper592.jpg,512,384,paper,32,74,421,364
metal58.jpg,512,384,metal,164,107,482,385
paper34.jpg,512,384,paper,4,3,509,383
paper401.jpg,512,384,paper,3,4,511,382
cardboard235.jpg,512,384,cardboard,5,5,511,382
plastic69.jpg,512,384,plastic,18,39,437,271
paper220.jpg,512,384,paper,102,66,419,308
metal123.jpg,512,384,metal,135,2,512,320
trash95.jpg,512,384,trash,172,124,340,256
plastic115.jpg,512,384,plastic,4,4,512,383
glass99.jpg,512,384,glass,141,49,512,383
cardboard272.jpg,512,384,cardboard,3,3,511,384
cardboard212.jpg,512,384,cardboard,68,6,385,378
metal386.jpg,512,384,metal,129,135,512,383
trash135.jpg,512,384,trash,38,52,436,349
paper250.jpg,512,384,paper,9,8,467,382
trash103.jpg,512,384,trash,172,4,427,370
plastic231.jpg,512,384,plastic,2,3,493,307
paper438.jpg,512,384,paper,86,33,389,350
trash102.jpg,512,384,trash,137,6,510,381
paper96.jpg,512,384,paper,77,62,440,320
trash14.jpg,512,384,trash,5,41,511,381
paper138.jpg,512,384,paper,63,91,444,347
plastic221.jpg,512,384,plastic,185,49,511,382
glass169.jpg,512,384,glass,138,38,401,324
paper318.jpg,512,384,paper,50,66,450,342
plastic23.jpg,512,384,plastic,180,111,345,263
paper46.jpg,512,384,paper,39,5,469,382
glass88.jpg,512,384,glass,67,93,420,213
cardboard330.jpg,512,384,cardboard,4,4,510,382
glass271.jpg,512,384,glass,148,10,358,377
cardboard154.jpg,512,384,cardboard,70,51,379,348
cardboard351.jpg,512,384,cardboard,5,2,511,382
plastic132.jpg,512,384,plastic,4,21,356,381
paper211.jpg,512,384,paper,4,103,393,383
paper530.jpg,512,384,paper,88,71,414,289
paper297.jpg,512,384,paper,5,4,474,383
plastic365.jpg,512,384,plastic,110,44,477,382
cardboard163.jpg,512,384,cardboard,19,47,453,369
glass243.jpg,512,384,glass,244,4,441,382
paper9.jpg,512,384,paper,6,6,512,384
metal104.jpg,512,384,metal,193,5,440,252
metal266.jpg,512,384,metal,104,15,405,342
plastic227.jpg,512,384,plastic,66,11,489,305
plastic109.jpg,512,384,plastic,6,134,448,322
cardboard308.jpg,512,384,cardboard,4,5,510,384
glass324.jpg,512,384,glass,74,45,513,383
metal79.jpg,512,384,metal,16,119,481,382
cardboard332.jpg,512,384,cardboard,4,5,510,384
plastic302.jpg,512,384,plastic,54,126,511,338
plastic358.jpg,512,384,plastic,33,156,476,300
trash106.jpg,512,384,trash,4,6,407,383
plastic279.jpg,512,384,plastic,4,1,507,341
glass234.jpg,512,384,glass,3,180,225,278
glass33.jpg,512,384,glass,112,23,429,382
plastic257.jpg,512,384,plastic,5,105,513,291
cardboard174.jpg,512,384,cardboard,4,20,481,381
trash131.jpg,512,384,trash,192,31,281,348
metal142.jpg,512,384,metal,119,4,501,385
plastic346.jpg,512,384,plastic,34,119,455,273
trash119.jpg,512,384,trash,115,95,304,283
glass439.jpg,512,384,glass,5,3,368,312
cardboard11.jpg,512,384,cardboard,3,4,510,382
plastic427.jpg,512,384,plastic,148,102,352,312
glass230.jpg,512,384,glass,104,132,342,247
plastic306.jpg,512,384,plastic,111,3,405,322
glass267.jpg,512,384,glass,27,45,477,225
plastic371.jpg,512,384,plastic,120,3,451,384
trash17.jpg,512,384,trash,7,27,459,384
glass279.jpg,512,384,glass,4,1,512,286
plastic157.jpg,512,384,plastic,167,76,506,383
cardboard294.jpg,512,384,cardboard,83,4,451,386
paper170.jpg,512,384,paper,98,61,386,304
metal362.jpg,512,384,metal,63,4,405,270
cardboard285.jpg,512,384,cardboard,3,3,511,384
glass338.jpg,512,384,glass,98,118,355,264
glass6.jpg,512,384,glass,194,62,321,281
glass266.jpg,512,384,glass,6,203,295,377
plastic422.jpg,512,384,plastic,24,117,507,380
cardboard275.jpg,512,384,cardboard,11,2,511,315
cardboard134.jpg,512,384,cardboard,104,50,346,337
glass329.jpg,512,384,glass,208,59,415,382
metal_plastic112.jpg,512,384,metal,1,90,412,356
cardboard137.jpg,512,384,cardboard,143,110,336,245
glass35.jpg,512,384,glass,16,2,431,357
glass444.jpg,512,384,glass,191,110,297,213
plastic91.jpg,512,384,plastic,209,40,396,383
metal409.jpg,512,384,metal,158,41,355,242
paper262.jpg,512,384,paper,51,6,464,360
cardboard324.jpg,512,384,cardboard,4,4,510,383
trash32.jpg,512,384,trash,138,56,333,279
paper323.jpg,512,384,paper,4,2,275,384
paper347.jpg,512,384,paper,2,12,466,384
plastic393.jpg,512,384,plastic,36,144,432,287
glass460.jpg,512,384,glass,31,115,395,253
cardboard320.jpg,512,384,cardboard,4,4,512,385
glass445.jpg,512,384,glass,1,90,511,267
glass354.jpg,512,384,glass,27,123,427,261
plastic305.jpg,512,384,plastic,50,7,480,310
cardboard124.jpg,512,384,cardboard,23,4,510,334
glass149.jpg,512,384,glass,4,71,513,211
metal223.jpg,512,384,metal,200,43,514,383
paper486.jpg,512,384,paper,66,126,418,290
trash30.jpg,512,384,trash,147,3,450,322
plastic41.jpg,512,384,plastic,113,53,375,312
plastic211.jpg,512,384,plastic,32,3,459,306
metal59.jpg,512,384,metal,230,157,511,382
plastic383.jpg,512,384,plastic,114,131,453,264
paper395.jpg,512,384,paper,9,41,451,379
glass71.jpg,512,384,glass,181,14,360,337
glass233.jpg,512,384,glass,170,6,429,199
plastic351.jpg,512,384,plastic,57,107,478,306
cardboard384.jpg,512,384,cardboard,6,3,406,381
cardboard365.jpg,512,384,cardboard,4,3,512,384
glass176.jpg,512,384,glass,3,6,515,294
paper195.jpg,512,384,paper,7,3,511,318
glass213.jpg,512,384,glass,220,177,303,264
metal249.jpg,512,384,metal,53,97,446,382
metal166.jpg,512,384,metal,210,154,273,228
plastic290.jpg,512,384,plastic,214,149,467,383
cardboard349.jpg,512,384,cardboard,4,5,512,381
metal276.jpg,512,384,metal,3,4,360,295
trash120.jpg,512,384,trash,110,103,312,278
plastic258.jpg,512,384,plastic,138,19,513,385
paper263.jpg,512,384,paper,34,6,471,378
cardboard284.jpg,512,384,cardboard,4,4,509,383
trash_plastic478.jpg,512,384,trash,142,33,370,337
plastic310.jpg,512,384,plastic,5,3,509,342
metal190.jpg,512,384,metal,39,5,374,358
paper465.jpg,512,384,paper,136,35,330,384
glass101.jpg,512,384,glass,160,23,450,382
cardboard266.jpg,512,384,cardboard,4,2,511,385
cardboard367.jpg,512,384,cardboard,3,2,511,382
glass346.jpg,512,384,glass,161,3,429,383
glass409.jpg,512,384,glass,102,62,430,296
cardboard31.jpg,512,384,cardboard,4,4,512,383
cardboard204.jpg,512,384,cardboard,36,11,422,382
plastic334.jpg,512,384,plastic,36,49,467,229
plastic311.jpg,512,384,plastic,32,133,391,385
cardboard12.jpg,512,384,cardboard,5,4,510,385
plastic147.jpg,512,384,plastic,76,37,414,336
plastic213.jpg,512,384,plastic,110,20,361,322
glass4.jpg,512,384,glass,126,115,343,274
trash33.jpg,512,384,trash,55,36,501,324
trash57.jpg,512,384,trash,85,67,362,322
glass294.jpg,512,384,glass,57,50,347,300
paper464.jpg,512,384,paper,4,6,513,383
paper580.jpg,512,384,paper,62,6,511,361
metal214.jpg,512,384,metal,201,116,306,257
glass355.jpg,512,384,glass,120,5,427,278
glass92.jpg,512,384,glass,117,61,371,319
paper322.jpg,512,384,paper,54,79,508,383
glass210.jpg,512,384,glass,106,84,358,287
cardboard311.jpg,512,384,cardboard,4,2,510,385
cardboard318.jpg,512,384,cardboard,5,4,509,385
glass79.jpg,512,384,glass,213,2,419,340
cardboard57.jpg,512,384,cardboard,4,4,512,385
metal1.jpg,512,384,metal,3,1,315,284
metal268.jpg,512,384,metal,149,102,327,300
glass392.jpg,512,384,glass,142,24,426,315
cardboard222.jpg,512,384,cardboard,5,3,512,381
paper241.jpg,512,384,paper,31,95,476,343
metal167.jpg,512,384,metal,150,89,359,304
paper239.jpg,512,384,paper,67,40,374,310
paper187.jpg,512,384,paper,5,55,510,383
glass416.jpg,512,384,glass,71,133,484,382
plastic232.jpg,512,384,plastic,130,108,511,362
metal345.jpg,512,384,metal,116,103,397,274
trash114.jpg,512,384,trash,121,78,263,299
paper228.jpg,512,384,paper,172,90,265,210
plastic368.jpg,512,384,plastic,3,4,508,380
cardboard42.jpg,512,384,cardboard,4,3,513,384
metal139.jpg,512,384,metal,260,4,511,382
cardboard121.jpg,512,384,cardboard,5,5,510,382
plastic176.jpg,512,384,plastic,153,144,261,285
paper587.jpg,512,384,paper,70,76,429,272
cardboard305.jpg,512,384,cardboard,4,5,510,385
plastic181.jpg,512,384,plastic,156,126,287,246
paper74.jpg,512,384,paper,4,8,466,368
plastic36.jpg,512,384,plastic,30,48,473,351
cardboard127.jpg,512,384,cardboard,4,4,512,385
metal29.jpg,512,384,metal,122,79,358,322
metal177.jpg,512,384,metal,4,2,442,382
paper505.jpg,512,384,paper,165,58,349,365
metal75.jpg,512,384,metal,25,88,510,382
cardboard180.jpg,512,384,cardboard,6,33,450,384
cardboard5.jpg,512,384,cardboard,4,4,510,382
glass38.jpg,512,384,glass,83,131,446,383
glass453.jpg,512,384,glass,165,111,367,311
metal106.jpg,512,384,metal,123,111,442,384
paper256.jpg,512,384,paper,145,60,347,238
cardboard82.jpg,512,384,cardboard,4,3,511,384
metal134.jpg,512,384,metal,91,76,512,382
glass282.jpg,512,384,glass,115,42,373,310
paper525.jpg,512,384,paper,6,38,399,385
cardboard67.jpg,512,384,cardboard,5,3,512,384
trash121.jpg,512,384,trash,174,150,298,308
metal407.jpg,512,384,metal,108,98,509,382
paper141.jpg,512,384,paper,81,28,408,383
paper177.jpg,512,384,paper,44,4,418,383
cardboard262.jpg,512,384,cardboard,4,4,512,383
metal301.jpg,512,384,metal,76,3,409,335
plastic357.jpg,512,384,plastic,139,126,456,383
glass168.jpg,512,384,glass,174,61,420,300
glass25.jpg,512,384,glass,125,124,428,383
metal151.jpg,512,384,metal,6,2,487,363
paper192.jpg,512,384,paper,6,4,457,327
cardboard169.jpg,512,384,cardboard,66,135,369,312
glass313.jpg,512,384,glass,3,22,362,385
paper249.jpg,512,384,paper,59,76,339,292
metal132.jpg,512,384,metal,32,37,512,329
paper316.jpg,512,384,paper,7,12,462,381
metal369.jpg,512,384,metal,124,76,317,266
trash59.jpg,512,384,trash,92,17,352,382
paper473.jpg,512,384,paper,30,5,420,358
glass91.jpg,512,384,glass,218,116,509,382
glass97.jpg,512,384,glass,262,4,508,382
paper424.jpg,512,384,paper,70,7,435,337
plastic165.jpg,512,384,plastic,17,126,495,335
paper459.jpg,512,384,paper,5,78,510,383
paper175.jpg,512,384,paper,6,5,456,354
cardboard400.jpg,512,384,cardboard,4,4,510,383
glass187.jpg,512,384,glass,74,115,295,242
paper433.jpg,512,384,paper,5,3,443,375
paper556.jpg,512,384,paper,9,44,510,381
glass174.jpg,512,384,glass,2,2,428,385
metal400.jpg,512,384,metal,222,109,509,382
metal180.jpg,512,384,metal,3,1,510,383
paper86.jpg,512,384,paper,7,4,437,383
cardboard312.jpg,512,384,cardboard,4,3,510,384
paper240.jpg,512,384,paper,3,66,400,384
glass436.jpg,512,384,glass,155,0,389,384
trash_plastic463.jpg,512,384,trash,179,141,380,384
cardboard55.jpg,512,384,cardboard,3,4,511,383
plastic449.jpg,512,384,plastic,145,97,400,337
glass286.jpg,512,384,glass,189,70,373,385
plastic182.jpg,512,384,plastic,174,159,292,285
plastic438.jpg,512,384,plastic,140,49,510,374
metal179.jpg,512,384,metal,219,116,374,301
plastic344.jpg,512,384,plastic,4,28,510,382
paper432.jpg,512,384,paper,4,25,509,357
plastic193.jpg,512,384,plastic,49,48,458,289
cardboard148.jpg,512,384,cardboard,4,4,456,383
paper435.jpg,512,384,paper,53,8,472,382
metal366.jpg,512,384,metal,184,5,510,329
metal272.jpg,512,384,metal,207,149,300,241
plastic273.jpg,512,384,plastic,75,1,457,352
plastic255.jpg,512,384,plastic,149,40,442,383
plastic267.jpg,512,384,plastic,37,2,512,284
metal40.jpg,512,384,metal,186,58,492,386
plastic395.jpg,512,384,plastic,53,51,495,243
metal379.jpg,512,384,metal,120,210,392,385
paper54.jpg,512,384,paper,91,117,433,314
cardboard142.jpg,512,384,cardboard,84,76,379,293
cardboard287.jpg,512,384,cardboard,5,3,512,384
paper13.jpg,512,384,paper,43,154,511,385
cardboard341.jpg,512,384,cardboard,5,4,512,383
plastic138.jpg,512,384,plastic,115,105,348,247
paper520.jpg,512,384,paper,77,25,333,336
glass280.jpg,512,384,glass,4,1,323,383
metal287.jpg,512,384,metal,24,164,393,385
metal91.jpg,512,384,metal,201,112,311,222
glass5.jpg,512,384,glass,148,136,269,254
cardboard156.jpg,512,384,cardboard,4,4,511,385
glass385.jpg,512,384,glass,155,0,428,384
plastic93.jpg,512,384,plastic,139,73,399,386
cardboard149.jpg,512,384,cardboard,4,4,437,382
metal74.jpg,512,384,metal,4,134,425,382
glass27.jpg,512,384,glass,158,38,422,384
paper363.jpg,512,384,paper,155,25,317,289
cardboard108.jpg,512,384,cardboard,5,4,510,382
paper495.jpg,512,384,paper,42,17,486,382
glass41.jpg,512,384,glass,167,83,402,337
plastic127.jpg,512,384,plastic,235,85,473,270
plastic44.jpg,512,384,plastic,143,18,426,358
cardboard34.jpg,512,384,cardboard,4,3,510,384
paper14.jpg,512,384,paper,5,4,508,383
paper485.jpg,512,384,paper,57,8,436,376
paper67.jpg,512,384,paper,26,6,470,277
cardboard221.jpg,512,384,cardboard,4,4,510,383
cardboard289.jpg,512,384,cardboard,4,2,509,382
paper585.jpg,512,384,paper,49,4,429,366
plastic455.jpg,512,384,plastic,80,21,475,371
paper570.jpg,512,384,paper,4,5,430,385
paper289.jpg,512,384,paper,3,4,514,341
glass360.jpg,512,384,glass,69,97,513,265
paper543.jpg,512,384,paper,51,110,448,349
metal332.jpg,512,384,metal,132,1,450,215
paper2.jpg,512,384,paper,5,35,439,385
metal310.jpg,512,384,metal,131,50,511,343
cardboard22.jpg,512,384,cardboard,4,5,511,382
plastic200.jpg,512,384,plastic,210,95,382,384
glass319.jpg,512,384,glass,3,120,514,344
paper43.jpg,512,384,paper,4,119,500,381
plastic312.jpg,512,384,plastic,109,6,511,381
paper449.jpg,512,384,paper,31,126,413,347
glass367.jpg,512,384,glass,91,143,511,304
plastic160.jpg,512,384,plastic,4,3,453,383
glass322.jpg,512,384,glass,84,126,405,384
plastic141.jpg,512,384,plastic,86,6,465,351
paper242.jpg,512,384,paper,85,159,321,339
paper309.jpg,512,384,paper,16,4,469,379
trash41.jpg,512,384,trash,122,60,365,330
plastic88.jpg,512,384,plastic,113,5,478,384
paper285.jpg,512,384,paper,16,20,482,378
plastic355.jpg,512,384,plastic,92,74,507,379
paper205.jpg,512,384,paper,8,79,486,383
plastic99.jpg,512,384,plastic,65,50,314,276
glass302.jpg,512,384,glass,81,4,386,310
glass395.jpg,512,384,glass,89,169,427,322
plastic116.jpg,512,384,plastic,58,34,511,341
paper301.jpg,512,384,paper,129,13,137,13
paper301.jpg,512,384,paper,136,11,437,381
paper345.jpg,512,384,paper,5,3,511,384
paper223.jpg,512,384,paper,5,4,510,383
metal396.jpg,512,384,metal,70,142,511,383
paper490.jpg,512,384,paper,5,5,497,388
plastic236.jpg,512,384,plastic,109,63,429,269
trash_plastic460.jpg,512,384,trash,54,83,291,382
plastic266.jpg,512,384,plastic,83,86,369,247
cardboard381.jpg,512,384,cardboard,5,4,511,383
paper439.jpg,512,384,paper,23,3,512,384
plastic458.jpg,512,384,plastic,118,127,349,260
paper23.jpg,512,384,paper,19,4,512,344
trash13.jpg,512,384,trash,131,5,411,336
plastic8.jpg,512,384,plastic,136,51,421,329
metal278.jpg,512,384,metal,24,2,414,289
cardboard9.jpg,512,384,cardboard,4,4,511,383
plastic377.jpg,512,384,plastic,117,22,385,289
paper190.jpg,512,384,paper,5,4,511,323
plastic5.jpg,512,384,plastic,174,55,294,299
paper588.jpg,512,384,paper,146,165,252,326
paper588.jpg,512,384,paper,259,126,389,253
paper169.jpg,512,384,paper,79,6,462,384
paper208.jpg,512,384,paper,34,1,468,383
cardboard173.jpg,512,384,cardboard,59,100,384,329
cardboard215.jpg,512,384,cardboard,26,37,368,347
paper416.jpg,512,384,paper,29,3,467,381
cardboard139.jpg,512,384,cardboard,3,3,511,384
paper567.jpg,512,384,paper,134,109,321,275
plastic386.jpg,512,384,plastic,124,104,412,248
glass94.jpg,512,384,glass,235,175,393,383
trash126.jpg,512,384,trash,161,112,324,272
paper392.jpg,512,384,paper,5,3,463,383
cardboard380.jpg,512,384,cardboard,4,2,512,385
metal251.jpg,512,384,metal,3,3,513,368
metal94.jpg,512,384,metal,1,92,510,385
paper572.jpg,512,384,paper,70,5,433,328
paper257.jpg,512,384,paper,52,101,409,381
metal127.jpg,512,384,metal,120,1,455,328
trash56.jpg,512,384,trash,91,4,391,371
paper25.jpg,512,384,paper,4,3,466,303
metal306.jpg,512,384,metal,194,108,511,381
metal5.jpg,512,384,metal,35,13,455,383
glass154.jpg,512,384,glass,201,3,429,384
cardboard119.jpg,512,384,cardboard,8,29,503,358
cardboard28.jpg,512,384,cardboard,5,155,511,384
glass95.jpg,512,384,glass,57,143,398,264
paper312.jpg,512,384,paper,3,4,510,382
cardboard195.jpg,512,384,cardboard,59,3,426,381
paper369.jpg,512,384,paper,5,4,511,356
plastic35.jpg,512,384,plastic,199,95,404,304
paper245.jpg,512,384,paper,6,2,490,385
cardboard93.jpg,512,384,cardboard,4,3,491,381
plastic271.jpg,512,384,plastic,89,100,496,383
glass268.jpg,512,384,glass,4,4,401,341
plastic410.jpg,512,384,plastic,188,28,510,383
plastic481.jpg,512,384,plastic,223,180,347,242
cardboard314.jpg,512,384,cardboard,133,6,509,384
paper168.jpg,512,384,paper,79,38,409,358
metal12.jpg,512,384,metal,2,104,510,381
plastic64.jpg,512,384,plastic,74,49,410,283
cardboard350.jpg,512,384,cardboard,7,36,510,381
cardboard118.jpg,512,384,cardboard,10,30,499,378
glass326.jpg,512,384,glass,68,4,510,315
metal264.jpg,512,384,metal,44,58,510,383
paper288.jpg,512,384,paper,176,18,329,346
plastic331.jpg,512,384,plastic,128,118,465,255
plastic396.jpg,512,384,plastic,4,42,498,381
plastic417.jpg,512,384,plastic,57,5,478,323
metal399.jpg,512,384,metal,158,75,449,350
cardboard70.jpg,512,384,cardboard,5,2,511,382
glass132.jpg,512,384,glass,174,121,322,254
glass370.jpg,512,384,glass,66,109,512,268
trash76.jpg,512,384,trash,24,2,508,382
cardboard60.jpg,512,384,cardboard,6,4,511,382
metal42.jpg,512,384,metal,2,105,429,384
trash67.jpg,512,384,trash,21,8,466,382
glass487.jpg,512,384,glass,3,121,513,370
metal111.jpg,512,384,metal,74,5,512,382
glass264.jpg,512,384,glass,117,77,495,382
plastic367.jpg,512,384,plastic,179,3,449,330
metal184.jpg,512,384,metal,171,40,460,341
trash136.jpg,512,384,trash,71,77,338,348
paper526.jpg,512,384,paper,4,5,460,382
cardboard91.jpg,512,384,cardboard,4,2,511,385
paper426.jpg,512,384,paper,73,124,458,307
cardboard39.jpg,512,384,cardboard,3,4,511,385
plastic17.jpg,512,384,plastic,112,87,373,342
metal144.jpg,512,384,metal,7,74,501,384
paper500.jpg,512,384,paper,15,6,456,377
trash23.jpg,512,384,trash,88,14,479,338
metal367.jpg,512,384,metal,105,113,487,313
glass217.jpg,512,384,glass,91,102,91,102
glass217.jpg,512,384,glass,91,102,289,261
paper387.jpg,512,384,paper,154,94,299,253
paper577.jpg,512,384,paper,85,81,416,365
cardboard362.jpg,512,384,cardboard,4,1,510,383
paper100.jpg,512,384,paper,6,4,392,382
paper100.jpg,512,384,paper,214,5,495,378
paper100.jpg,512,384,paper,223,128,511,384
cardboard227.jpg,512,384,cardboard,5,3,510,381
cardboard44.jpg,512,384,cardboard,4,2,511,385
glass122.jpg,512,384,glass,5,0,329,380
cardboard343.jpg,512,384,cardboard,5,3,511,381
metal305.jpg,512,384,metal,4,66,427,383
metal110.jpg,512,384,metal,24,111,377,362
paper161.jpg,512,384,paper,51,8,477,385
metal157.jpg,512,384,metal,31,3,469,267
paper51.jpg,512,384,paper,4,176,510,381
paper87.jpg,512,384,paper,21,89,448,381
glass80.jpg,512,384,glass,3,1,416,324
plastic68.jpg,512,384,plastic,130,8,512,273
glass128.jpg,512,384,glass,32,65,510,254
paper212.jpg,512,384,paper,73,92,474,325
paper163.jpg,512,384,paper,5,4,478,382
plastic366.jpg,512,384,plastic,49,25,469,385
metal27.jpg,512,384,metal,137,44,431,340
paper400.jpg,512,384,paper,38,58,474,367
plastic188.jpg,512,384,plastic,54,92,360,297
paper451.jpg,512,384,paper,4,3,510,383
paper531.jpg,512,384,paper,4,5,397,370
plastic309.jpg,512,384,plastic,248,123,512,383
plastic185.jpg,512,384,plastic,170,25,275,302
plastic205.jpg,512,384,plastic,6,36,384,351
paper219.jpg,512,384,paper,9,83,484,375
metal120.jpg,512,384,metal,9,30,514,378
plastic335.jpg,512,384,plastic,139,63,490,383
metal43.jpg,512,384,metal,80,105,510,384
glass105.jpg,512,384,glass,151,96,397,386
metal100.jpg,512,384,metal,90,19,429,339
cardboard47.jpg,512,384,cardboard,3,3,511,383
cardboard143.jpg,512,384,cardboard,78,32,350,337
paper178.jpg,512,384,paper,4,5,419,382
paper148.jpg,512,384,paper,6,4,477,386
cardboard202.jpg,512,384,cardboard,106,4,343,386
paper204.jpg,512,384,paper,96,24,354,338
paper399.jpg,512,384,paper,67,5,509,372
metal243.jpg,512,384,metal,181,174,419,384
metal280.jpg,512,384,metal,130,104,390,278
glass161.jpg,512,384,glass,83,137,376,235
glass21.jpg,512,384,glass,3,4,428,366
plastic389.jpg,512,384,plastic,231,103,510,383
metal87.jpg,512,384,metal,162,0,513,383
paper26.jpg,512,384,paper,56,0,508,382
glass73.jpg,512,384,glass,179,112,516,329
plastic126.jpg,512,384,plastic,204,6,424,316
metal172.jpg,512,384,metal,30,34,406,385
glass349.jpg,512,384,glass,120,182,447,384
metal318.jpg,512,384,metal,149,87,351,293
paper57.jpg,512,384,paper,6,165,512,382
cardboard251.jpg,512,384,cardboard,4,4,510,383
metal6.jpg,512,384,metal,194,140,288,228
glass272.jpg,512,384,glass,5,95,440,256
paper378.jpg,512,384,paper,5,14,463,382
paper157.jpg,512,384,paper,84,21,467,366
cardboard168.jpg,512,384,cardboard,14,72,490,314
paper37.jpg,512,384,paper,3,90,459,384
glass495.jpg,512,384,glass,183,88,354,258
plastic409.jpg,512,384,plastic,102,104,464,283
plastic409.jpg,512,384,paper,280,105,385,281
cardboard122.jpg,512,384,cardboard,5,4,512,383
plastic436.jpg,512,384,plastic,3,22,502,377
metal71.jpg,512,384,metal,151,33,509,381
cardboard298.jpg,512,384,cardboard,4,4,511,385
trash_plastic467.jpg,512,384,trash,175,5,366,215
paper186.jpg,512,384,paper,5,3,505,384
paper182.jpg,512,384,paper,8,4,512,380
paper162.jpg,512,384,paper,43,71,510,382
metal321.jpg,512,384,metal,135,3,379,267
glass336.jpg,512,384,glass,74,51,426,290
glass295.jpg,512,384,glass,99,102,344,321
glass111.jpg,512,384,glass,116,42,408,321
paper481.jpg,512,384,paper,6,0,487,319
glass255.jpg,512,384,glass,52,19,430,185
glass10.jpg,512,384,glass,38,265,514,385
metal181.jpg,512,384,metal,120,57,367,312
trash18.jpg,512,384,trash,6,4,491,385
plastic70.jpg,512,384,plastic,4,159,436,382
cardboard48.jpg,512,384,cardboard,4,4,511,383
trash69.jpg,512,384,trash,85,42,358,310
glass304.jpg,512,384,glass,203,117,355,244
glass75.jpg,512,384,glass,40,103,417,281
plastic318.jpg,512,384,plastic,57,4,394,335
cardboard80.jpg,512,384,cardboard,3,5,511,384
trash6.jpg,512,384,trash,151,78,411,312
plastic316.jpg,512,384,plastic,93,126,448,384
cardboard10.jpg,512,384,cardboard,3,3,511,384
plastic206.jpg,512,384,plastic,52,114,467,384
trash52.jpg,512,384,trash,24,63,512,368
paper269.jpg,512,384,paper,3,4,510,382
paper63.jpg,512,384,paper,7,5,481,347
metal35.jpg,512,384,metal,113,5,484,373
metal108.jpg,512,384,metal,10,53,512,385
glass456.jpg,512,384,glass,33,109,514,293
plastic84.jpg,512,384,plastic,152,4,511,382
glass114.jpg,512,384,glass,148,78,479,381
metal277.jpg,512,384,metal,104,2,422,382
cardboard310.jpg,512,384,cardboard,4,4,512,383
cardboard211.jpg,512,384,cardboard,4,64,488,356
cardboard342.jpg,512,384,cardboard,4,4,510,383
cardboard129.jpg,512,384,cardboard,4,5,513,382
trash4.jpg,512,384,trash,67,77,458,384
glass201.jpg,512,384,glass,81,120,498,380
paper510.jpg,512,384,paper,44,26,293,379
paper510.jpg,512,384,paper,23,3,516,336
plastic376.jpg,512,384,plastic,47,76,474,383
paper70.jpg,512,384,paper,79,6,374,364
paper513.jpg,512,384,paper,6,4,499,386
paper546.jpg,512,384,paper,31,5,474,385
cardboard18.jpg,512,384,cardboard,4,3,510,384
glass259.jpg,512,384,glass,71,168,363,318
plastic434.jpg,512,384,plastic,57,5,360,284
metal356.jpg,512,384,metal,129,88,399,273
paper114.jpg,512,384,paper,6,5,511,381
paper515.jpg,512,384,paper,82,4,474,365
paper50.jpg,512,384,paper,53,40,440,350
glass464.jpg,512,384,glass,8,28,510,290
plastic108.jpg,512,384,plastic,81,3,446,272
glass87.jpg,512,384,glass,140,125,449,310
paper274.jpg,512,384,paper,118,95,416,295
plastic224.jpg,512,384,plastic,31,27,476,316
trash12.jpg,512,384,trash,165,75,436,350
paper217.jpg,512,384,paper,3,3,446,384
plastic174.jpg,512,384,plastic,113,69,386,265
glass134.jpg,512,384,glass,154,156,510,385
paper482.jpg,512,384,paper,18,86,511,381
plastic121.jpg,512,384,plastic,28,50,356,379
trash37.jpg,512,384,trash,97,7,453,322
paper58.jpg,512,384,paper,41,48,368,319
cardboard62.jpg,512,384,cardboard,5,3,510,384
metal316.jpg,512,384,metal,162,206,510,385
glass157.jpg,512,384,glass,4,2,404,382
metal273.jpg,512,384,metal,165,4,464,383
glass48.jpg,512,384,glass,139,153,307,306
glass249.jpg,512,384,glass,55,157,410,334
metal236.jpg,512,384,metal,46,33,511,381
cardboard64.jpg,512,384,cardboard,5,5,511,384
plastic146.jpg,512,384,plastic,3,2,510,169
glass485.jpg,512,384,glass,120,11,396,376
glass93.jpg,512,384,glass,7,51,512,224
paper514.jpg,512,384,paper,5,3,468,344
metal326.jpg,512,384,metal,152,14,347,324
paper194.jpg,512,384,paper,5,5,443,382
paper266.jpg,512,384,paper,6,4,509,382
trash89.jpg,512,384,trash,111,9,398,370
plastic237.jpg,512,384,plastic,61,100,463,326
paper260.jpg,512,384,paper,6,55,432,382
glass229.jpg,512,384,glass,86,143,442,294
plastic102.jpg,512,384,plastic,168,92,347,270
glass372.jpg,512,384,glass,55,123,408,248
paper528.jpg,512,384,paper,5,4,466,386
cardboard276.jpg,512,384,cardboard,4,2,511,382
cardboard261.jpg,512,384,cardboard,4,4,509,383
paper334.jpg,512,384,paper,188,112,349,277
cardboard132.jpg,512,384,cardboard,89,69,381,309
glass180.jpg,512,384,glass,45,127,282,266
glass292.jpg,512,384,glass,240,77,441,385
glass452.jpg,512,384,glass,214,73,454,383
plastic264.jpg,512,384,plastic,96,130,511,380
cardboard379.jpg,512,384,cardboard,2,3,512,384
glass110.jpg,512,384,glass,105,58,385,383
paper466.jpg,512,384,paper,3,76,511,383
paper247.jpg,512,384,paper,2,3,462,386
plastic304.jpg,512,384,plastic,3,35,153,382
cardboard21.jpg,512,384,cardboard,5,3,512,383
cardboard268.jpg,512,384,cardboard,3,4,510,383
paper365.jpg,512,384,paper,3,4,406,377
metal141.jpg,512,384,metal,184,5,511,382
paper232.jpg,512,384,paper,6,61,441,382
metal194.jpg,512,384,metal,2,3,311,333
trash107.jpg,512,384,trash,5,49,487,380
paper105.jpg,512,384,paper,2,3,512,277
metal107.jpg,512,384,metal,96,58,352,313
paper155.jpg,512,384,paper,6,5,393,351
cardboard348.jpg,512,384,cardboard,5,2,510,385
paper383.jpg,512,384,paper,54,3,455,378
metal137.jpg,512,384,metal,78,120,513,324
paper579.jpg,512,384,paper,71,15,388,372
plastic202.jpg,512,384,plastic,68,93,462,268
glass237.jpg,512,384,glass,69,144,294,227
trash43.jpg,512,384,trash,141,136,355,266
plastic333.jpg,512,384,plastic,93,3,439,347
metal206.jpg,512,384,metal,177,91,333,279
paper446.jpg,512,384,paper,100,67,370,382
cardboard90.jpg,512,384,cardboard,4,3,511,381
metal242.jpg,512,384,metal,116,75,466,224
metal150.jpg,512,384,metal,75,139,450,269
paper24.jpg,512,384,paper,6,16,380,382
cardboard8.jpg,512,384,cardboard,4,4,511,382
paper542.jpg,512,384,paper,3,10,471,383
metal352.jpg,512,384,metal,67,17,446,349
plastic235.jpg,512,384,plastic,46,5,512,357
cardboard151.jpg,512,384,cardboard,141,118,294,278
plastic400.jpg,512,384,plastic,61,100,454,386
metal245.jpg,512,384,metal,242,84,472,311
paper8.jpg,512,384,paper,6,3,298,380
glass431.jpg,512,384,glass,2,54,429,273
paper507.jpg,512,384,paper,33,14,501,308
metal193.jpg,512,384,metal,60,6,384,372
cardboard51.jpg,512,384,cardboard,4,4,511,383
cardboard393.jpg,512,384,cardboard,5,4,511,383
metal41.jpg,512,384,metal,144,140,383,384
glass398.jpg,512,384,glass,131,81,365,300
glass141.jpg,512,384,glass,3,4,317,376
cardboard354.jpg,512,384,cardboard,40,5,489,381
metal374.jpg,512,384,metal,5,5,511,382
glass309.jpg,512,384,glass,115,4,511,375
glass24.jpg,512,384,glass,203,148,300,245
metal300.jpg,512,384,metal,102,75,511,381
cardboard265.jpg,512,384,cardboard,4,4,513,383
cardboard78.jpg,512,384,cardboard,4,3,509,384
glass258.jpg,512,384,glass,6,163,370,357
glass130.jpg,512,384,glass,141,97,511,292
glass18.jpg,512,384,glass,22,160,428,320
paper373.jpg,512,384,paper,76,63,304,329
trash122.jpg,512,384,trash,256,141,370,261
cardboard131.jpg,512,384,cardboard,130,18,476,384
paper259.jpg,512,384,paper,6,49,425,380
paper554.jpg,512,384,paper,90,72,413,321
cardboard286.jpg,512,384,cardboard,57,16,511,383
paper277.jpg,512,384,paper,4,2,416,372
cardboard253.jpg,512,384,cardboard,3,3,511,384
paper339.jpg,512,384,paper,22,28,380,383
metal230.jpg,512,384,metal,13,126,443,383
glass142.jpg,512,384,glass,60,4,427,383
trash70.jpg,512,384,trash,4,5,510,381
cardboard200.jpg,512,384,cardboard,17,49,510,380
paper213.jpg,512,384,paper,97,18,334,334
paper40.jpg,512,384,paper,4,37,443,383
metal11.jpg,512,384,metal,20,5,511,382
plastic429.jpg,512,384,plastic,19,4,511,335
glass469.jpg,512,384,glass,216,2,403,297
glass298.jpg,512,384,glass,146,3,380,189
plastic327.jpg,512,384,plastic,191,158,399,380
metal175.jpg,512,384,metal,116,7,415,365
metal185.jpg,512,384,metal,69,85,472,343
paper422.jpg,512,384,paper,38,5,391,382
plastic473.jpg,512,384,plastic,230,35,415,364
metal98.jpg,512,384,metal,105,3,360,289
glass364.jpg,512,384,glass,3,3,511,384
metal325.jpg,512,384,metal,140,3,513,324
cardboard23.jpg,512,384,cardboard,5,4,509,383
plastic323.jpg,512,384,plastic,144,50,415,313
plastic354.jpg,512,384,plastic,92,27,510,381
plastic456.jpg,512,384,plastic,33,79,395,383
glass274.jpg,512,384,glass,7,76,364,303
paper128.jpg,512,384,paper,48,85,390,298
cardboard244.jpg,512,384,cardboard,4,4,512,383
trash97.jpg,512,384,trash,148,62,440,369
cardboard283.jpg,512,384,cardboard,5,3,510,384
metal92.jpg,512,384,metal,171,84,343,254
metal334.jpg,512,384,metal,249,97,461,383
cardboard277.jpg,512,384,cardboard,3,3,510,384
cardboard17.jpg,512,384,cardboard,4,4,511,385
paper189.jpg,512,384,paper,5,3,511,381
cardboard203.jpg,512,384,cardboard,100,38,417,384
metal389.jpg,512,384,metal,116,18,462,364
plastic95.jpg,512,384,plastic,6,90,511,311
plastic215.jpg,512,384,plastic,142,147,473,383
paper21.jpg,512,384,paper,69,132,484,383
metal173.jpg,512,384,metal,99,9,405,375
plastic25.jpg,512,384,plastic,4,5,510,381
paper103.jpg,512,384,paper,3,3,512,383
metal161.jpg,512,384,metal,160,1,476,366
paper45.jpg,512,384,paper,33,71,423,298
trash20.jpg,512,384,trash,95,60,511,383
trash99.jpg,512,384,trash,189,54,316,307
metal105.jpg,512,384,metal,69,84,512,383
paper236.jpg,512,384,paper,4,1,312,386
paper236.jpg,512,384,paper,230,144,496,383
cardboard213.jpg,512,384,cardboard,24,33,384,386
paper348.jpg,512,384,paper,30,121,403,341
paper214.jpg,512,384,paper,4,4,510,382
glass311.jpg,512,384,glass,30,125,510,331
paper198.jpg,512,384,paper,23,5,487,381
paper291.jpg,512,384,paper,52,11,461,378
cardboard243.jpg,512,384,cardboard,4,4,511,382
metal269.jpg,512,384,metal,4,1,334,322
paper319.jpg,512,384,paper,6,0,459,383
plastic190.jpg,512,384,plastic,3,38,511,382
trash53.jpg,512,384,trash,88,130,293,326
cardboard247.jpg,512,384,cardboard,3,6,512,384
metal135.jpg,512,384,metal,111,106,511,386
glass3.jpg,512,384,glass,139,116,300,246
cardboard77.jpg,512,384,cardboard,6,3,511,384
plastic128.jpg,512,384,plastic,48,208,502,372
cardboard386.jpg,512,384,cardboard,5,4,511,382
plastic46.jpg,512,384,plastic,111,122,512,382
glass225.jpg,512,384,glass,108,113,404,258
paper430.jpg,512,384,paper,4,2,513,382
plastic151.jpg,512,384,plastic,47,111,485,285
plastic11.jpg,512,384,plastic,161,147,336,231
trash38.jpg,512,384,trash,208,67,366,310
plastic288.jpg,512,384,plastic,172,32,424,382
plastic404.jpg,512,384,plastic,76,34,346,386
plastic474.jpg,512,384,plastic,117,324,489,385
plastic38.jpg,512,384,plastic,136,77,511,382
plastic42.jpg,512,384,plastic,113,6,512,341
paper502.jpg,512,384,paper,50,5,449,379
plastic222.jpg,512,384,plastic,212,194,461,384
glass37.jpg,512,384,glass,31,125,426,241
paper574.jpg,512,384,paper,5,129,481,267
cardboard336.jpg,512,384,cardboard,4,3,510,384
cardboard267.jpg,512,384,cardboard,5,4,512,383
paper206.jpg,512,384,paper,13,4,398,382
glass325.jpg,512,384,glass,122,90,311,251
paper364.jpg,512,384,paper,69,17,439,385
plastic81.jpg,512,384,plastic,6,3,389,384
plastic419.jpg,512,384,plastic,190,1,390,335
cardboard366.jpg,512,384,cardboard,4,3,513,381
glass451.jpg,512,384,glass,7,33,487,351
cardboard135.jpg,512,384,cardboard,4,3,511,384
glass104.jpg,512,384,glass,5,38,465,197
metal7.jpg,512,384,metal,159,72,319,291
glass308.jpg,512,384,glass,48,18,407,375
metal262.jpg,512,384,metal,5,60,510,381
cardboard226.jpg,512,384,cardboard,3,4,513,383
metal103.jpg,512,384,metal,123,103,368,298
plastic319.jpg,512,384,plastic,43,40,452,317
metal215.jpg,512,384,metal,159,133,313,284
cardboard116.jpg,512,384,cardboard,4,4,474,292
glass276.jpg,512,384,glass,207,171,348,384
plastic120.jpg,512,384,plastic,7,16,433,365
plastic239.jpg,512,384,plastic,63,8,390,254
metal368.jpg,512,384,metal,141,99,356,384
glass449.jpg,512,384,glass,230,85,435,259
cardboard321.jpg,512,384,cardboard,4,3,511,383
plastic76.jpg,512,384,plastic,194,134,373,309
metal252.jpg,512,384,metal,96,22,461,386
metal210.jpg,512,384,metal,147,123,380,291
glass337.jpg,512,384,glass,94,3,329,273
metal14.jpg,512,384,metal,150,21,512,378
plastic435.jpg,512,384,plastic,120,4,415,346
glass63.jpg,512,384,glass,198,58,394,383
paper283.jpg,512,384,paper,4,14,512,385
paper415.jpg,512,384,paper,16,5,457,384
cardboard59.jpg,512,384,cardboard,4,3,510,381
plastic411.jpg,512,384,plastic,195,111,511,360
glass200.jpg,512,384,glass,49,0,513,363
metal192.jpg,512,384,metal,41,2,437,385
paper571.jpg,512,384,paper,104,108,296,294
metal10.jpg,512,384,metal,257,5,512,381
glass74.jpg,512,384,glass,191,137,282,226
cardboard159.jpg,512,384,cardboard,3,4,511,383
plastic234.jpg,512,384,plastic,76,104,436,292
paper317.jpg,512,384,paper,161,97,303,259
glass417.jpg,512,384,glass,124,35,512,366
paper122.jpg,512,384,paper,94,47,351,355
glass429.jpg,512,384,glass,176,113,515,357
metal97.jpg,512,384,metal,32,5,373,334
trash82.jpg,512,384,trash,66,4,346,380
plastic298.jpg,512,384,plastic,33,68,445,228
metal381.jpg,512,384,metal,55,2,309,291
metal39.jpg,512,384,metal,152,66,341,258
glass216.jpg,512,384,glass,72,139,328,233
plastic269.jpg,512,384,plastic,113,107,432,319
cardboard303.jpg,512,384,cardboard,4,4,511,382
paper447.jpg,512,384,paper,56,12,430,374
plastic380.jpg,512,384,plastic,81,101,396,303
trash47.jpg,512,384,trash,92,6,384,361
trash123.jpg,512,384,trash,196,81,358,317
glass84.jpg,512,384,glass,152,83,461,321
plastic348.jpg,512,384,plastic,139,68,351,283
cardboard288.jpg,512,384,cardboard,33,4,506,379
paper581.jpg,512,384,paper,4,4,510,377
paper110.jpg,512,384,paper,52,5,481,265
metal60.jpg,512,384,metal,52,84,365,351
metal384.jpg,512,384,metal,78,46,511,386
plastic49.jpg,512,384,plastic,32,106,465,278
metal394.jpg,512,384,metal,60,50,513,382
glass306.jpg,512,384,glass,52,31,469,238
paper280.jpg,512,384,paper,5,5,510,371
metal289.jpg,512,384,metal,87,8,510,381
cardboard259.jpg,512,384,cardboard,4,4,512,383
plastic98.jpg,512,384,plastic,135,60,368,289
glass151.jpg,512,384,glass,4,99,429,339
glass440.jpg,512,384,glass,185,4,499,288
plastic177.jpg,512,384,plastic,111,154,251,242
paper49.jpg,512,384,paper,4,3,495,384
metal216.jpg,512,384,metal,146,84,353,308
glass317.jpg,512,384,glass,21,147,469,261
paper524.jpg,512,384,paper,18,37,371,383
cardboard110.jpg,512,384,cardboard,4,4,512,385
glass265.jpg,512,384,glass,159,79,425,377
metal126.jpg,512,384,metal,14,4,449,383
trash45.jpg,512,384,trash,113,76,441,374
plastic363.jpg,512,384,plastic,105,115,318,287
cardboard76.jpg,512,384,cardboard,5,3,510,381
glass159.jpg,512,384,glass,174,71,354,384
glass11.jpg,512,384,glass,58,87,448,293
plastic79.jpg,512,384,plastic,4,4,452,378
cardboard68.jpg,512,384,cardboard,3,4,511,383
paper302.jpg,512,384,paper,20,76,438,320
metal153.jpg,512,384,metal,56,88,513,364
paper71.jpg,512,384,paper,131,126,304,273
plastic247.jpg,512,384,plastic,97,107,490,382
glass483.jpg,512,384,glass,120,152,492,385
paper60.jpg,512,384,paper,40,6,474,370
paper575.jpg,512,384,paper,4,3,482,384
paper398.jpg,512,384,paper,66,6,360,353
plastic83.jpg,512,384,plastic,173,5,509,292
plastic103.jpg,512,384,plastic,95,6,497,384
plastic420.jpg,512,384,plastic,298,81,493,383
plastic295.jpg,512,384,plastic,150,77,355,385
cardboard98.jpg,512,384,cardboard,4,4,510,382
paper95.jpg,512,384,paper,39,160,510,382
trash127.jpg,512,384,trash,147,185,269,225
paper338.jpg,512,384,paper,7,4,512,380
plastic337.jpg,512,384,plastic,63,1,459,295
paper409.jpg,512,384,paper,5,3,511,210
plastic341.jpg,512,384,plastic,156,4,510,285
trash80.jpg,512,384,trash,183,80,374,273
cardboard178.jpg,512,384,cardboard,3,4,379,383
trash44.jpg,512,384,trash,164,72,372,311
plastic89.jpg,512,384,plastic,58,56,510,382
paper101.jpg,512,384,paper,5,3,421,381
cardboard120.jpg,512,384,cardboard,4,107,512,382
plastic226.jpg,512,384,plastic,7,59,451,352
plastic110.jpg,512,384,plastic,3,78,423,317
glass339.jpg,512,384,glass,206,120,314,227
paper521.jpg,512,384,paper,72,75,408,239
metal257.jpg,512,384,metal,3,47,511,382
cardboard183.jpg,512,384,cardboard,32,5,511,381
glass457.jpg,512,384,glass,155,106,513,383
plastic209.jpg,512,384,plastic,126,48,419,383
plastic75.jpg,512,384,plastic,142,6,436,303
cardboard4.jpg,512,384,cardboard,4,4,511,383
cardboard35.jpg,512,384,cardboard,4,4,511,382
cardboard158.jpg,512,384,cardboard,3,3,511,383
plastic244.jpg,512,384,plastic,4,83,484,367
metal294.jpg,512,384,metal,127,51,390,325
trash84.jpg,512,384,trash,16,32,439,382
trash100.jpg,512,384,trash,70,59,510,339
glass44.jpg,512,384,glass,32,88,446,227
glass490.jpg,512,384,glass,177,5,429,382
metal312.jpg,512,384,metal,18,6,511,380
plastic137.jpg,512,384,plastic,35,14,513,375
metal26.jpg,512,384,metal,116,36,450,369
trash104.jpg,512,384,trash,192,111,347,278
cardboard337.jpg,512,384,cardboard,4,3,511,384
glass140.jpg,512,384,glass,120,105,329,254
paper336.jpg,512,384,paper,7,4,508,383
paper549.jpg,512,384,paper,56,78,452,329
plastic326.jpg,512,384,plastic,60,51,443,310
metal297.jpg,512,384,metal,146,201,483,386
glass67.jpg,512,384,glass,51,100,511,385
glass46.jpg,512,384,glass,66,107,426,277
paper412.jpg,512,384,paper,4,60,509,369
cardboard106.jpg,512,384,cardboard,4,5,511,384
paper545.jpg,512,384,paper,88,59,312,296
glass430.jpg,512,384,glass,176,80,393,376
metal182.jpg,512,384,metal,152,127,326,326
cardboard146.jpg,512,384,cardboard,14,1,439,386
glass240.jpg,512,384,glass,271,141,511,384
plastic62.jpg,512,384,plastic,121,29,394,385
metal61.jpg,512,384,metal,26,13,512,382
glass83.jpg,512,384,glass,25,61,511,203
cardboard181.jpg,512,384,cardboard,5,9,478,378
metal160.jpg,512,384,metal,183,110,308,260
plastic71.jpg,512,384,plastic,39,37,461,308
paper115.jpg,512,384,paper,10,7,495,385
cardboard385.jpg,512,384,cardboard,63,51,449,339
plastic397.jpg,512,384,plastic,97,101,396,278
cardboard170.jpg,512,384,cardboard,91,71,373,302
plastic30.jpg,512,384,plastic,30,2,435,293
plastic251.jpg,512,384,plastic,5,66,482,229
plastic40.jpg,512,384,plastic,4,3,427,322
plastic15.jpg,512,384,plastic,58,63,455,326
metal375.jpg,512,384,metal,176,2,483,242
plastic262.jpg,512,384,plastic,156,104,461,385
glass278.jpg,512,384,glass,64,3,199,377
glass278.jpg,512,384,glass,124,68,514,379
glass278.jpg,512,384,glass,201,127,324,259
glass278.jpg,512,384,glass,322,2,509,168
plastic428.jpg,512,384,plastic,69,73,409,310
metal382.jpg,512,384,metal,151,3,418,309
metal203.jpg,512,384,metal,190,87,326,258
cardboard94.jpg,512,384,cardboard,4,3,415,383
paper498.jpg,512,384,paper,98,81,363,298
metal174.jpg,512,384,metal,107,4,510,316
paper216.jpg,512,384,paper,116,94,419,308
metal364.jpg,512,384,metal,122,3,484,384
glass76.jpg,512,384,glass,187,69,401,280
paper403.jpg,512,384,paper,57,55,443,371
plastic254.jpg,512,384,plastic,10,106,512,383
glass224.jpg,512,384,glass,46,152,296,240
cardboard398.jpg,512,384,cardboard,5,5,513,382
metal25.jpg,512,384,metal,108,63,385,374
cardboard193.jpg,512,384,cardboard,6,30,495,322
glass47.jpg,512,384,glass,114,138,379,285
metal357.jpg,512,384,metal,70,1,513,207
glass202.jpg,512,384,glass,117,49,390,311
glass160.jpg,512,384,glass,135,76,397,326
plastic240.jpg,512,384,plastic,36,32,438,287
paper462.jpg,512,384,paper,5,5,509,382
plastic470.jpg,512,384,plastic,66,39,370,316
paper61.jpg,512,384,paper,86,5,512,384
metal114.jpg,512,384,metal,9,45,508,381
metal56.jpg,512,384,metal,156,130,427,383
glass112.jpg,512,384,glass,77,180,439,383
cardboard194.jpg,512,384,cardboard,10,39,504,326
glass391.jpg,512,384,glass,73,22,430,383
paper226.jpg,512,384,paper,122,121,344,299
glass119.jpg,512,384,glass,82,1,345,382
paper35.jpg,512,384,paper,27,5,509,377
paper472.jpg,512,384,paper,1,23,510,382
metal191.jpg,512,384,metal,68,24,350,308
trash109.jpg,512,384,trash,83,68,345,358
plastic196.jpg,512,384,plastic,4,3,359,329
paper52.jpg,512,384,paper,105,71,363,259
paper294.jpg,512,384,paper,60,80,390,330
glass283.jpg,512,384,glass,178,116,456,384
plastic149.jpg,512,384,plastic,6,1,511,386
glass388.jpg,512,384,glass,187,3,454,381
cardboard74.jpg,512,384,cardboard,4,5,510,385
paper452.jpg,512,384,paper,73,2,458,380
plastic10.jpg,512,384,plastic,172,128,307,255
plastic286.jpg,512,384,plastic,80,42,425,383
plastic169.jpg,512,384,plastic,10,127,485,281
